No,Sub Portfolio Name,Floor Name,Lot No,Net Area (Lot Master),NLA,Rental Base,Rental Rate,Service Charge Rate,Start Date,End Date,RCD,RED,Fit Out Commenced On,Business Name,Brand Name
1,CITIMALL CIANJUR,LG,LG-0010,390.19,Y,Full Rental,"36,000.00","22,252.94",19/Dec/2017,18/Dec/2022,19/Dec/2017,18/Dec/2022,19/Dec/2017,HYPERMART,HYPERMART
2,CITIMALL CIANJUR,LG,LG-0020,98.74,Y,Full Rental,"22,000.00",0.00,18/Dec/2018,17/Dec/2023,18/Dec/2018,17/Dec/2023,18/Dec/2018,ELECTRONIC CITY,GUDANG ELECTRONIC CITY
3,CITIMALL CIANJUR,LG,LG-BAM01,4.00,N,,0.00,0.00,,,,,,,
4,CITIMALL CIANJUR,LG,LG-BOH01,5.00,N,,0.00,0.00,,,,,,,
5,CITIMALL CIANJUR,LG,LG-BOH02,20.00,N,,0.00,0.00,,,,,,,
6,CITIMALL CIANJUR,LG,LG-BOH11,14.00,N,Combine,"4,285,714.28",0.00,01/Dec/2016,30/Nov/2021,01/Dec/2016,30/Nov/2021,01/Dec/2016,QUALITY PARKING,CITRA PUSAKA MANDIRI PARKING
7,CITIMALL CIANJUR,LG,LG-MEP01,138.00,N,,0.00,0.00,,,,,,,
8,CITIMALL CIANJUR,G,G-0010,0.00,Y,,0.00,0.00,,,,,,,
9,CITIMALL CIANJUR,G,G-0011,"4,653.03",Y,Full Rental,"36,000.00","22,252.94",19/Dec/2017,18/Dec/2022,19/Dec/2017,18/Dec/2022,19/Dec/2017,HYPERMART,HYPERMART
10,CITIMALL CIANJUR,G,G-0015,0.00,Y,,0.00,0.00,,,,,,,
11,CITIMALL CIANJUR,G,G-0020,643.36,Y,Full Rental,"48,500.00","27,500.00",01/Jun/2017,31/May/2022,01/Jun/2017,31/May/2022,01/Jun/2017,INUL VIZTA,INUL VIZTA FAMILY KTV
12,CITIMALL CIANJUR,G,G-0030,356.00,Y,Full Rental,"100,000.00","110,000.00",15/Nov/2018,14/Nov/2023,15/Nov/2018,14/Nov/2023,15/Nov/2018,BUTI FASHION,BUTI FASHION
13,CITIMALL CIANJUR,G,G-0034,10.00,Y,Full Rental,"60,000.00","55,000.00",22/Feb/2019,22/Feb/2024,23/Feb/2019,22/Feb/2024,22/Feb/2019,GUDANG ALEEYA HIJAB,GUDANG ALEEYA HIJAB
14,CITIMALL CIANJUR,G,G-0035,0.00,Y,,0.00,0.00,,,,,,,
15,CITIMALL CIANJUR,G,G-0035A,0.00,Y,,0.00,0.00,,,,,,,
16,CITIMALL CIANJUR,G,G-0036,128.21,Y,Full Rental,"120,000.00","110,000.00",22/Jan/2019,22/Feb/2024,23/Feb/2019,22/Feb/2024,22/Jan/2019,ALEEYA HIJAB,ALEEYA HIJAB
17,CITIMALL CIANJUR,G,G-0037,212.89,Y,Full Rental,"105,000.00","110,000.00",30/Jan/2017,04/Jun/2022,05/Jun/2017,04/Jun/2022,30/Jan/2017,POJOK BUSANA,POJOK BUSANA
18,CITIMALL CIANJUR,G,G-0038,9.04,Y,Full Rental,"50,000.00","55,000.00",05/Jun/2017,04/Jun/2022,05/Jun/2017,04/Jun/2022,05/Jun/2017,POJOK BUSANA,GUDANG POJOK BUSANA
19,CITIMALL CIANJUR,G,G-0040,0.00,Y,,0.00,0.00,,,,,,,
20,CITIMALL CIANJUR,G,G-0040A,10.79,Y,,0.00,0.00,,,,,,,
21,CITIMALL CIANJUR,G,G-0040B,6.20,Y,Full Rental,"719,758.06",0.00,01/Jan/2020,31/Dec/2020,01/Jan/2020,31/Dec/2020,01/Jan/2020,DIMAS JUICE,DIMAS JUICE
22,CITIMALL CIANJUR,G,G-0040C,6.20,Y,Full Rental,"719,758.06",0.00,01/Jan/2020,31/Dec/2020,01/Jan/2020,31/Dec/2020,01/Jan/2020,SAUNG BERKAH,SAUNG BERKAH
23,CITIMALL CIANJUR,G,G-0040D,6.20,Y,Full Rental,"719,758.06",0.00,01/Jan/2020,31/Dec/2020,01/Jan/2020,31/Dec/2020,01/Jan/2020,ROHILAH ,MIE AYAM STEKMAL
24,CITIMALL CIANJUR,G,G-0040E,6.20,Y,Full Rental,"719,758.06",0.00,01/Jan/2020,31/Dec/2020,01/Jan/2020,31/Dec/2020,01/Jan/2020,NASI TO & SEBLAK,NASI TO & SEBLAK
25,CITIMALL CIANJUR,G,G-0040F,6.20,Y,Full Rental,"719,758.06",0.00,01/Jan/2020,31/Dec/2020,01/Jan/2020,31/Dec/2020,01/Jan/2020,NASI TEMPONG,NASI TEMPONG
26,CITIMALL CIANJUR,G,G-0040G,6.20,Y,Full Rental,"719,758.06",0.00,01/Jan/2020,31/Dec/2020,01/Jan/2020,31/Dec/2020,01/Jan/2020,SOSIS BAKAR DAN DIMSUM,SOSIS BAKAR DAN DIMSUM
27,CITIMALL CIANJUR,G,G-0040H,6.20,Y,Full Rental,"719,758.06",0.00,01/Jan/2020,31/Dec/2020,01/Jan/2020,31/Dec/2020,01/Jan/2020,KINGS MEAL,KINGS MEAL
28,CITIMALL CIANJUR,G,G-0040I,6.20,Y,,0.00,0.00,,,,,,,
29,CITIMALL CIANJUR,G,G-0040J,6.20,Y,Full Rental,"719,758.06",0.00,01/Jan/2020,31/Dec/2020,01/Jan/2020,31/Dec/2020,01/Jan/2020,FOOD COURT (ANEKA SUP DAN SOTO),AYAM BAKAR DAN SOP IGA
30,CITIMALL CIANJUR,G,G-0040K,6.20,Y,Full Rental,"719,758.06",0.00,14/Jan/2020,31/Dec/2020,14/Jan/2020,31/Dec/2020,14/Jan/2020,ROHILAH ,BAKSO STEKMAL
31,CITIMALL CIANJUR,G,G-0040L,6.20,Y,Full Rental,"719,758.06",0.00,18/Jan/2020,31/Dec/2020,18/Jan/2020,31/Dec/2020,18/Jan/2020,LITA SUTINAH,BEBEK MERCON & SUKI
32,CITIMALL CIANJUR,G,G-0040M,7.50,Y,Full Rental,"595,000.00",0.00,01/Jan/2020,31/Dec/2020,01/Jan/2020,31/Dec/2020,01/Jan/2020,RUMAH CAMPINA,RUMAH CAMPINA
33,CITIMALL CIANJUR,G,G-0040N,6.20,Y,Full Rental,"719,758.06",0.00,01/Jan/2020,31/Dec/2020,01/Jan/2020,31/Dec/2020,01/Jan/2020,DANI`S JUICE,DANI`S JUICE
34,CITIMALL CIANJUR,G,G-0040P,4.64,Y,Full Rental,"323,275.86",0.00,31/May/2019,14/Dec/2028,31/May/2019,14/Dec/2028,31/May/2019,GUDANG KFC,GUDANG KFC
35,CITIMALL CIANJUR,G,G-0041,0.00,Y,,0.00,0.00,,,,,,,
36,CITIMALL CIANJUR,G,G-0042,0.00,Y,,0.00,0.00,,,,,,,
37,CITIMALL CIANJUR,G,G-0043,0.00,Y,,0.00,0.00,,,,,,,
38,CITIMALL CIANJUR,G,G-0044,0.00,Y,,0.00,0.00,,,,,,,
39,CITIMALL CIANJUR,G,G-0045,0.00,Y,,0.00,0.00,,,,,,,
40,CITIMALL CIANJUR,G,G-0046,0.00,Y,,0.00,0.00,,,,,,,
41,CITIMALL CIANJUR,G,G-0047,0.00,Y,,0.00,0.00,,,,,,,
42,CITIMALL CIANJUR,G,G-0048,0.00,Y,,0.00,"1,320,000.00",,,,,,,
43,CITIMALL CIANJUR,G,G-0049,0.00,Y,,0.00,0.00,,,,,,,
44,CITIMALL CIANJUR,G,G-0050,0.00,Y,,0.00,0.00,,,,,,,
45,CITIMALL CIANJUR,G,G-0051,0.00,Y,,0.00,0.00,,,,,,,
46,CITIMALL CIANJUR,G,G-0052,0.00,Y,,0.00,0.00,,,,,,,
47,CITIMALL CIANJUR,G,G-0053,0.00,Y,,0.00,0.00,,,,,,,
48,CITIMALL CIANJUR,G,G-0054,0.00,Y,,0.00,0.00,,,,,,,
49,CITIMALL CIANJUR,G,G-0055,0.00,Y,,0.00,0.00,,,,,,,
50,CITIMALL CIANJUR,G,G-0056,0.00,Y,,0.00,0.00,,,,,,,
51,CITIMALL CIANJUR,G,G-0057,0.00,Y,,0.00,0.00,,,,,,,
52,CITIMALL CIANJUR,G,G-0060,0.00,Y,,0.00,0.00,,,,,,,
53,CITIMALL CIANJUR,G,G-0060A,0.00,Y,,0.00,0.00,,,,,,,
54,CITIMALL CIANJUR,G,G-0060B,0.00,Y,,0.00,0.00,,,,,,,
55,CITIMALL CIANJUR,G,G-0060C,0.00,Y,,0.00,0.00,,,,,,,
56,CITIMALL CIANJUR,G,G-0060D,0.00,Y,,0.00,0.00,,,,,,,
57,CITIMALL CIANJUR,G,G-0060E,0.00,Y,,0.00,0.00,,,,,,,
58,CITIMALL CIANJUR,G,G-0060F,0.00,Y,,0.00,0.00,,,,,,,
59,CITIMALL CIANJUR,G,G-0060G,0.00,Y,,0.00,0.00,,,,,,,
60,CITIMALL CIANJUR,G,G-0060H,0.00,Y,,0.00,0.00,,,,,,,
61,CITIMALL CIANJUR,G,G-0060I,0.00,Y,,0.00,0.00,,,,,,,
62,CITIMALL CIANJUR,G,G-0060J,0.00,Y,,0.00,0.00,,,,,,,
63,CITIMALL CIANJUR,G,G-0060K,0.00,Y,,0.00,0.00,,,,,,,
64,CITIMALL CIANJUR,G,G-0060L,0.00,Y,,0.00,0.00,,,,,,,
65,CITIMALL CIANJUR,G,G-0060Z,0.00,Y,,0.00,0.00,,,,,,,
66,CITIMALL CIANJUR,G,G-0061,158.44,Y,Revenue Share,0.00,0.00,23/Oct/2018,14/Dec/2028,15/Dec/2018,14/Dec/2028,23/Oct/2018,KFC,KFC
67,CITIMALL CIANJUR,G,G-0065,30.75,Y,Revenue Share,0.00,0.00,23/Oct/2018,14/Dec/2028,15/Dec/2018,14/Dec/2028,23/Oct/2018,KFC,KFC
68,CITIMALL CIANJUR,G,G-0070,82.00,Y,Full Rental,"135,000.00","114,240.00",02/Jul/2018,01/Jul/2021,02/Jul/2018,01/Jul/2021,02/Jul/2018,CFC,CFC
69,CITIMALL CIANJUR,G,G-0080,78.26,Y,Full Rental,"135,000.00","100,000.00",20/Jul/2020,28/Jul/2021,29/Jul/2020,28/Jul/2021,20/Jul/2020,BUTIK 28 HIJAB SCARF,BUTIK 28 HIJAB SCARF
70,CITIMALL CIANJUR,G,G-0090,160.00,Y,Full Rental,"145,000.00","100,000.00",01/Jan/2020,31/Dec/2022,01/Jan/2020,31/Dec/2022,01/Jan/2020,DINO PARK,DINO PARK
71,CITIMALL CIANJUR,G,G-0100,81.00,Y,Full Rental,"160,000.00","110,000.00",08/Jun/2017,07/Jun/2022,08/Jun/2017,07/Jun/2022,08/Jun/2017,SURPRICE,SURPRICE
72,CITIMALL CIANJUR,G,G-0105,0.00,Y,,0.00,0.00,,,,,,,
73,CITIMALL CIANJUR,G,G-0110,0.00,Y,,0.00,0.00,,,,,,,
74,CITIMALL CIANJUR,G,G-0115,0.00,Y,,0.00,0.00,,,,,,,
75,CITIMALL CIANJUR,G,G-0120,0.00,Y,,0.00,0.00,,,,,,,
76,CITIMALL CIANJUR,G,G-0130,328.80,Y,Full Rental,"90,000.00","110,000.00",27/Jan/2015,28/Feb/2021,01/Mar/2016,28/Feb/2021,27/Jan/2015,FUN CITY,FUN CITY
77,CITIMALL CIANJUR,G,G-0135,0.00,Y,,0.00,0.00,,,,,,,
78,CITIMALL CIANJUR,G,G-0140,0.00,Y,,0.00,0.00,,,,,,,
79,CITIMALL CIANJUR,G,G-0140A,6.75,Y,Full Rental,"541,481.48",0.00,01/Sep/2020,30/Sep/2020,01/Sep/2020,30/Sep/2020,01/Sep/2020,ANDRA CELL,ANDRA CELLULAR
80,CITIMALL CIANJUR,G,G-0140B,6.75,Y,Full Rental,"453,333.33",0.00,01/Sep/2020,30/Sep/2020,01/Sep/2020,30/Sep/2020,01/Sep/2020,ANDRA CELL,ANDRA CELLULAR
81,CITIMALL CIANJUR,G,G-0140C,6.75,Y,Full Rental,"402,962.96",0.00,01/Sep/2020,30/Sep/2020,01/Sep/2020,30/Sep/2020,01/Sep/2020,RIZAL PHONE SHOP,RIZAL PHONE SHOP
82,CITIMALL CIANJUR,G,G-0140D,6.75,Y,Full Rental,"352,592.59",0.00,01/Sep/2020,30/Sep/2020,01/Sep/2020,30/Sep/2020,01/Sep/2020,UNSA CELL,UNSA CELL
83,CITIMALL CIANJUR,G,G-0140E,6.75,Y,Full Rental,"228,956.29",0.00,01/Sep/2020,30/Sep/2020,01/Sep/2020,30/Sep/2020,01/Sep/2020,BUNGSU CELL,BUNGSU CELL
84,CITIMALL CIANJUR,G,G-0140F,6.75,Y,,0.00,0.00,,,,,,,
85,CITIMALL CIANJUR,G,G-0140G,6.75,Y,Full Rental,"478,518.51",0.00,01/Sep/2020,30/Sep/2020,01/Sep/2020,30/Sep/2020,01/Sep/2020,AZ GREEN CELL,AZ GREEN CELL
86,CITIMALL CIANJUR,G,G-0140H,6.75,Y,Full Rental,"440,740.74",0.00,01/Sep/2020,30/Sep/2020,01/Sep/2020,30/Sep/2020,01/Sep/2020,AZ GREEN CELL,AZ GREEN CELL
87,CITIMALL CIANJUR,G,G-0140I,6.75,Y,Full Rental,"402,962.96",0.00,01/Sep/2020,30/Sep/2020,01/Sep/2020,30/Sep/2020,01/Sep/2020,WAHYU CELL,WAHYU CELL
88,CITIMALL CIANJUR,G,G-0140J,6.75,Y,,0.00,0.00,,,,,,,
89,CITIMALL CIANJUR,G,G-0140K,6.75,Y,Full Rental,"228,956.29",0.00,01/Sep/2020,30/Sep/2020,01/Sep/2020,30/Sep/2020,01/Sep/2020,CENTRAL CELL,CENTRAL CELL
90,CITIMALL CIANJUR,G,G-0140L,6.75,Y,,0.00,0.00,,,,,,,
91,CITIMALL CIANJUR,G,G-0140Z,81.00,Y,,0.00,0.00,,,,,,,
92,CITIMALL CIANJUR,G,G-0150,36.00,Y,Full Rental,"210,000.00","110,000.00",10/Nov/2017,09/Nov/2020,10/Nov/2017,09/Nov/2020,,OPTIC KASOEM,OPTIC KASOEM
93,CITIMALL CIANJUR,G,G-0160,127.50,Y,Full Rental,"200,000.00","114,240.00",05/Jul/2017,05/Oct/2020,06/Oct/2017,05/Oct/2020,05/Jul/2017,ALAM SUNDA,ALAM SUNDA
94,CITIMALL CIANJUR,G,G-0162,12.18,Y,Full Rental,"100,000.00","57,120.00",01/Nov/2017,05/Oct/2020,01/Nov/2017,05/Oct/2020,01/Nov/2017,ALAM SUNDA,ALAM SUNDA
95,CITIMALL CIANJUR,G,G-0165,121.44,Y,Full Rental,"125,000.00","110,000.00",03/Oct/2017,08/Nov/2022,09/Nov/2017,08/Nov/2022,03/Oct/2017,USUPSO,USUPSO
96,CITIMALL CIANJUR,G,G-0170,37.43,Y,Full Rental,"275,000.00","110,000.00",06/Sep/2018,21/Sep/2021,22/Sep/2018,21/Sep/2021,06/Sep/2018,ALEXIS,ALEXIS
97,CITIMALL CIANJUR,G,G-0180,685.35,Y,Full Rental,"75,000.00","50,000.00",18/Dec/2018,17/Dec/2023,18/Dec/2018,17/Dec/2023,18/Dec/2018,ELECTRONIC CITY,ELECTRONIC CITY
98,CITIMALL CIANJUR,G,G-0185,0.00,Y,,0.00,0.00,,,,,,,
99,CITIMALL CIANJUR,G,G-0190,1.20,Y,Full Rental,"2,569,444.44",0.00,01/Jan/2018,31/Dec/2020,01/Jan/2018,31/Dec/2020,01/Jan/2018,ATM BANK MEGA,ATM BANK MEGA
100,CITIMALL CIANJUR,G,G-0200,1.50,Y,Full Rental,"3,125,000.00",0.00,01/Dec/2016,14/Dec/2021,01/Dec/2016,30/Nov/2021,01/Dec/2016,ATM CIMB,BANK CIMB NIAGA
101,CITIMALL CIANJUR,G,G-0210,1.00,Y,,0.00,0.00,,,,,,,
102,CITIMALL CIANJUR,G,G-0220,1.00,Y,Full Rental,"6,083,333.33",0.00,01/Nov/2019,31/Oct/2020,01/Nov/2019,31/Oct/2020,01/Nov/2019,ATM BRI,BANK BRI
103,CITIMALL CIANJUR,G,G-0230,1.50,Y,Full Rental,"2,979,166.66","99,000.00",09/Sep/2019,08/Sep/2022,09/Sep/2019,08/Sep/2022,09/Sep/2019,BANK OCBC NISP,BANK OCBC NISP
104,CITIMALL CIANJUR,G,G-0240,1.50,Y,,0.00,0.00,,,,,,,
105,CITIMALL CIANJUR,G,G-0250,1.50,Y,Full Rental,"4,074,074.04",0.00,01/Feb/2020,31/Jan/2023,01/Feb/2020,31/Jan/2023,01/Feb/2020,BANK BJB,BANK BJB
106,CITIMALL CIANJUR,G,G-0260,1.00,Y,Full Rental,"5,041,666.66",0.00,01/Jul/2020,30/Jun/2021,01/Jul/2020,30/Jun/2021,01/Jul/2020,ATM BNI,BANK BNI
107,CITIMALL CIANJUR,G,G-0270,92.00,Y,Full Rental,"83,152.17",0.00,01/Sep/2020,30/Sep/2020,01/Sep/2020,30/Sep/2020,01/Sep/2020,SINAR JAYA MEUBEL,SINAR JAYA MEUBEL
108,CITIMALL CIANJUR,G,G-BAM01,36.00,N,Full Rental,"113,636.36",0.00,01/Jan/2020,31/Dec/2020,01/Jan/2020,31/Dec/2020,01/Jan/2020,PENGELOLAAN TOILET,PENGELOLAAN TOILET
109,CITIMALL CIANJUR,G,G-BAM02,25.00,N,,0.00,0.00,,,,,,,
110,CITIMALL CIANJUR,G,G-BIN01,190.00,N,,0.00,0.00,,,,,,,
111,CITIMALL CIANJUR,G,G-BIN02,57.00,N,,0.00,0.00,,,,,,,
112,CITIMALL CIANJUR,G,G-BOH01,10.00,N,,0.00,0.00,,,,,,,
113,CITIMALL CIANJUR,G,G-BOH02,13.00,N,,0.00,0.00,,,,,,,
114,CITIMALL CIANJUR,G,G-BOH03,10.00,N,,0.00,0.00,,,,,,,
115,CITIMALL CIANJUR,G,G-COM,"2,506.44",N,,0.00,0.00,,,,,,,
116,CITIMALL CIANJUR,G,G-CVT01,9.00,N,,0.00,0.00,,,,,,,
117,CITIMALL CIANJUR,G,G-CVT02,11.00,N,,0.00,0.00,,,,,,,
118,CITIMALL CIANJUR,G,G-MEP01,46.00,N,,0.00,0.00,,,,,,,
119,CITIMALL CIANJUR,G,G-MEP02,13.00,N,,0.00,0.00,,,,,,,
120,CITIMALL CIANJUR,G,G-MEP03,9.00,N,,0.00,0.00,,,,,,,
121,CITIMALL CIANJUR,G,G-OFF01,0.00,N,,0.00,0.00,,,,,,,
122,CITIMALL CIANJUR,G,G-OFF02,0.00,N,,0.00,0.00,,,,,,,
123,CITIMALL CIANJUR,G,G-OFF03,0.00,N,,0.00,0.00,,,,,,,
124,CITIMALL CIANJUR,G,G-OFF04,0.00,N,,0.00,0.00,,,,,,,
125,CITIMALL CIANJUR,G,G-OFF05,0.00,N,,0.00,0.00,,,,,,,
126,CITIMALL CIANJUR,G,G-PRK01,"7,788.37",N,,0.00,0.00,,,,,,,
127,CITIMALL CIANJUR,G,G-ROD01,820.00,N,,0.00,0.00,,,,,,,
128,CITIMALL CIANJUR,RF,RF-WIR01,1.00,N,Full Rental,"6,666,666.67",0.00,01/Jun/2016,31/May/2021,01/Jun/2016,31/May/2021,01/Jun/2016,BTS TELKOMSEL,TELKOMSEL
129,CITIMALL CIANJUR,RF,RF-WIR02,1.00,N,Full Rental,"6,083,333.00",0.00,14/Aug/2015,13/Nov/2020,14/Aug/2015,13/Nov/2020,14/Aug/2015,BTS INDOSAT,INDOSAT
130,CITIMALL CIANJUR,RF,RF-WIR03,4.00,N,Full Rental,"625,000.00",0.00,17/Apr/2017,31/May/2021,17/Apr/2017,31/May/2021,17/Apr/2017,BTS INDOSAT,INDOSAT
131,TUBAN,G,G-0170,196.00,Y,,0.00,0.00,,,,,,,
132,TUBAN,1,1-0040,36.00,Y,,0.00,0.00,,,,,,,
133,TUBAN,1,1-0060,600.00,Y,Full Rental,"55,000.00",0.00,03/Jul/2020,02/Jul/2030,03/Jul/2020,02/Jul/2030,03/Jul/2020,KHU,KHU
134,TUBAN,2,2-0010,"1,961.00",Y,Full Rental,"40,000.00",0.00,03/Jul/2020,02/Jul/2030,03/Jul/2020,02/Jul/2030,03/Jul/2020,CINEMAXX,CINEMAXX
135,CITIMALL SUKABUMI,G,G-0010,"1,253.11",Y,Full Rental,"63,000.00","58,563.81",15/Dec/2015,28/Dec/2025,15/Dec/2015,14/Dec/2025,15/Dec/2015,SUPERINDO,SUPER INDO
136,CITIMALL SUKABUMI,G,G-0020,76.11,Y,Full Rental,"180,000.00","106,000.00",02/Apr/2018,04/May/2023,05/May/2018,04/May/2023,02/Apr/2018,CFC,CFC
137,CITIMALL SUKABUMI,G,G-0030,30.69,Y,Full Rental,"250,000.00","102,000.00",23/May/2019,30/May/2022,31/May/2019,30/May/2022,23/May/2019,YAYANG,YAYANG
138,CITIMALL SUKABUMI,G,G-0035,0.00,Y,,0.00,0.00,,,,,,,
139,CITIMALL SUKABUMI,G,G-0040,0.00,Y,,0.00,0.00,,,,,,,
140,CITIMALL SUKABUMI,G,G-0050,0.00,Y,,0.00,0.00,,,,,,,
141,CITIMALL SUKABUMI,G,G-0060,0.00,Y,,0.00,0.00,,,,,,,
142,CITIMALL SUKABUMI,G,G-0070,0.00,Y,,0.00,0.00,,,,,,,
143,CITIMALL SUKABUMI,G,G-0071,157.66,Y,Full Rental,"200,000.00","106,000.00",26/Mar/2019,09/Apr/2024,10/Apr/2019,09/Apr/2024,26/Mar/2019,SOLARIA,SOLARIA
144,CITIMALL SUKABUMI,G,G-0080,0.00,Y,,0.00,0.00,,,,,,,
145,CITIMALL SUKABUMI,G,G-0090,130.70,Y,Full Rental,"275,000.00","102,000.00",15/Sep/2017,14/Sep/2022,15/Sep/2017,14/Sep/2022,15/Sep/2017,BATA,SEPATU BATA
146,CITIMALL SUKABUMI,G,G-0100,35.00,Y,Full Rental,"325,000.00","102,000.00",13/Jun/2017,12/Jun/2022,13/Jun/2017,12/Jun/2022,13/Jun/2017,LIU SUNG PHIN - ZOOM & WATCH,ZOOM & WATCH
147,CITIMALL SUKABUMI,G,G-0110,115.25,Y,Full Rental,"275,000.00","106,000.00",01/Oct/2019,30/Sep/2024,01/Oct/2019,30/Sep/2024,01/Oct/2019,MOKKO FACTORY,MOKKO FACTORY
148,CITIMALL SUKABUMI,G,G-0120,191.25,Y,Combine,"53,000.00",0.00,01/Aug/2020,31/Jan/2021,01/Aug/2020,31/Jan/2021,01/Aug/2020,A&W,A&W RESTAURANT
149,CITIMALL SUKABUMI,G,G-0130,38.02,Y,Full Rental,"380,000.00","106,000.00",23/May/2020,22/May/2023,23/May/2020,22/May/2023,23/May/2020,ROTI O,ROTI O
150,CITIMALL SUKABUMI,G,G-0140,37.33,Y,Full Rental,"290,000.00","102,000.00",13/Jan/2018,12/Jan/2023,13/Jan/2018,12/Jan/2023,13/Jan/2018,PT KASOEM PIONEER OPTIK,OPTIC KASOEM
151,CITIMALL SUKABUMI,G,G-0150,130.00,Y,Full Rental,"285,000.00","89,100.00",13/Mar/2020,12/Mar/2025,13/Mar/2020,12/Mar/2025,13/Mar/2020,WATSON,WATSONS
152,CITIMALL SUKABUMI,G,G-0160,47.91,Y,Full Rental,"250,000.00","102,000.00",12/Mar/2017,11/Mar/2022,12/Mar/2017,11/Mar/2022,12/Mar/2017,OPTIK MELAWAI,OPTIK MELAWAI
153,CITIMALL SUKABUMI,G,G-0170,0.00,Y,,0.00,0.00,,,,,,,
154,CITIMALL SUKABUMI,G,G-0180,0.00,Y,,0.00,0.00,,,,,,,
155,CITIMALL SUKABUMI,G,G-0190,0.00,Y,,0.00,0.00,,,,,,,
156,CITIMALL SUKABUMI,G,G-0200,0.00,Y,,0.00,0.00,,,,,,,
157,CITIMALL SUKABUMI,G,G-0210,0.00,Y,,0.00,0.00,,,,,,,
158,CITIMALL SUKABUMI,G,G-0220,0.00,Y,,0.00,0.00,,,,,,,
159,CITIMALL SUKABUMI,G,G-0230,7.84,Y,Full Rental,"1,600,000.00",0.00,20/Nov/2018,19/Nov/2021,20/Nov/2018,19/Nov/2021,20/Nov/2018,MC DONALDS,MC DONALDS
160,CITIMALL SUKABUMI,G,G-0240,1.00,Y,Full Rental,"16,000,000.00",0.00,01/Mar/2019,28/Feb/2021,01/Mar/2019,28/Feb/2021,01/Mar/2019,FUNWORLD,FUNWORLD
161,CITIMALL SUKABUMI,G,G-0250,38.84,Y,Full Rental,"240,000.00","102,000.00",12/Feb/2019,14/Mar/2022,15/Mar/2019,14/Mar/2022,12/Feb/2019,NAUGHTY,NAUGHTY
162,CITIMALL SUKABUMI,G,G-0260,7.02,Y,Full Rental,"60,000.00",0.00,12/Feb/2019,14/Mar/2022,15/Mar/2019,14/Mar/2022,12/Feb/2019,NAUGHTY,GUDANG NAUGHTY
163,CITIMALL SUKABUMI,G,G-0270,15.77,Y,,0.00,0.00,,,,,,,
164,CITIMALL SUKABUMI,G,G-0275,14.81,Y,Full Rental,"325,000.00","106,000.00",22/Aug/2020,21/Aug/2021,22/Aug/2020,21/Aug/2021,24/Aug/2020,JANJI JIWA,JANJI JIWA
165,CITIMALL SUKABUMI,G,G-0280,35.00,Y,Full Rental,"121,428.57",0.00,14/Sep/2020,30/Nov/2020,14/Sep/2020,30/Nov/2020,14/Sep/2020,THE BODY SHOP,THE BODY SHOP
166,CITIMALL SUKABUMI,G,G-0290,0.00,Y,,0.00,0.00,,,,,,,
167,CITIMALL SUKABUMI,G,G-BAM01,26.84,N,,0.00,0.00,,,,,,,
168,CITIMALL SUKABUMI,G,G-BAM02,0.00,N,,0.00,0.00,,,,,,,
169,CITIMALL SUKABUMI,G,G-BIN01,280.00,N,,0.00,0.00,,,,,,,
170,CITIMALL SUKABUMI,G,G-BOH11,40.00,N,,0.00,0.00,,,,,,,
171,CITIMALL SUKABUMI,G,G-BOH12,44.00,N,,0.00,0.00,,,,,,,
172,CITIMALL SUKABUMI,G,G-BOH13,29.00,N,,0.00,0.00,,,,,,,
173,CITIMALL SUKABUMI,G,G-COM,"1,812.42",N,,0.00,0.00,,,,,,,
174,CITIMALL SUKABUMI,G,G-CVT01,21.00,N,,0.00,0.00,,,,,,,
175,CITIMALL SUKABUMI,G,G-CVT02,11.00,N,,0.00,0.00,,,,,,,
176,CITIMALL SUKABUMI,G,G-CVT03,21.00,N,,0.00,0.00,,,,,,,
177,CITIMALL SUKABUMI,G,G-CVT04,21.00,N,,0.00,0.00,,,,,,,
178,CITIMALL SUKABUMI,G,G-CVT05,9.00,N,,0.00,0.00,,,,,,,
179,CITIMALL SUKABUMI,G,G-MEP01,96.00,N,,0.00,0.00,,,,,,,
180,CITIMALL SUKABUMI,G,G-MEP02,27.00,N,,0.00,0.00,,,,,,,
181,CITIMALL SUKABUMI,G,G-MEP03,46.00,N,,0.00,0.00,,,,,,,
182,CITIMALL SUKABUMI,G,G-MEP04,47.00,N,,0.00,0.00,,,,,,,
183,CITIMALL SUKABUMI,G,G-MEP05,16.00,N,,0.00,0.00,,,,,,,
184,CITIMALL SUKABUMI,G,G-OBH01,28.00,N,,0.00,0.00,,,,,,,
185,CITIMALL SUKABUMI,G,G-OBH11,28.00,N,Combine,"1,428,571.43",0.00,01/Nov/2016,31/Oct/2021,01/Nov/2016,31/Oct/2021,01/Nov/2016,QUALITY PARKING,CITRA PUSAKA MANDIRI PARKING
186,CITIMALL SUKABUMI,G,G-OME01,49.00,N,,0.00,0.00,,,,,,,
187,CITIMALL SUKABUMI,G,G-OTM01,2.71,N,Full Rental,"1,845,018.45",0.00,20/Jan/2019,19/Jan/2022,20/Jan/2019,19/Jan/2022,20/Jan/2019,BANK BTN,BANK BTN
188,CITIMALL SUKABUMI,G,G-OTM02,1.00,N,Full Rental,"2,958,333.33","250,000.00",11/Jun/2020,10/Jun/2022,11/Jun/2020,10/Jun/2022,11/Jun/2020,ATM OCBC,BANK OCBC NISP
189,CITIMALL SUKABUMI,G,G-OTM03,2.71,N,Full Rental,"1,599,015.99",0.00,20/Mar/2019,19/Mar/2022,20/Mar/2019,19/Mar/2022,20/Mar/2019,ATM PANIN,BANK PANIN
190,CITIMALL SUKABUMI,G,G-OTM04,2.71,N,Full Rental,"1,153,136.53",0.00,01/Dec/2017,30/Nov/2020,01/Dec/2017,30/Nov/2020,01/Dec/2017,BANK MANDIRI,BANK MANDIRI
191,CITIMALL SUKABUMI,G,G-OTM05,3.80,N,,0.00,0.00,,,,,,,
192,CITIMALL SUKABUMI,G,G-OTM06,1.00,N,Full Rental,"4,812,500.00",0.00,15/Sep/2020,14/Sep/2023,15/Sep/2020,14/Sep/2023,15/Sep/2020,PT. BANK PEMBANGUNAN DAERAH JAWA BARAT DAN BANTEN,BANK BJB
193,CITIMALL SUKABUMI,G,G-PLL01,25.00,N,,0.00,0.00,,,,,,,
194,CITIMALL SUKABUMI,G,G-PRK01,"1,542.00",N,,0.00,0.00,,,,,,,
195,CITIMALL SUKABUMI,G,G-PRK02,489.00,N,,0.00,0.00,,,,,,,
196,CITIMALL SUKABUMI,G,G-ROD01,808.88,N,,0.00,0.00,,,,,,,
197,CITIMALL SUKABUMI,G,G-STI-0001,2.00,N,,0.00,0.00,,,,,,,
198,CITIMALL SUKABUMI,G,G-STI-0002,2.00,N,,0.00,0.00,,,,,,,
199,CITIMALL SUKABUMI,G,G-STI-0003,7.30,N,,0.00,0.00,,,,,,,
200,CITIMALL SUKABUMI,G,G-STI-0004,7.30,N,,0.00,0.00,,,,,,,
201,CITIMALL SUKABUMI,G,G-STI-0005,7.30,N,,0.00,0.00,,,,,,,
202,CITIMALL SUKABUMI,G,G-STI-0006,7.30,N,,0.00,0.00,,,,,,,
203,CITIMALL SUKABUMI,G,G-STI-0007,7.30,N,,0.00,0.00,,,,,,,
204,CITIMALL SUKABUMI,G,G-STI-0008,7.30,N,,0.00,0.00,,,,,,,
205,CITIMALL SUKABUMI,G,G-STI-0009,7.30,N,,0.00,0.00,,,,,,,
206,CITIMALL SUKABUMI,G,G-STI-0010,7.30,N,,0.00,0.00,,,,,,,
207,CITIMALL SUKABUMI,G,G-UNL01,"1,427.00",N,,0.00,0.00,,,,,,,
208,CITIMALL SUKABUMI,1,1-0010,"1,589.97",Y,Full Rental,"40,000.00","20,630.00",19/Dec/2018,18/Dec/2028,19/Dec/2018,18/Dec/2028,19/Dec/2018,"PT. MATAHARI DEPARTMENT STORE, TBK",MATAHARI DEPARTMENT STORE
209,CITIMALL SUKABUMI,1,1-0011,0.00,Y,,0.00,0.00,,,,,,,
210,CITIMALL SUKABUMI,1,1-0012,0.00,Y,,0.00,0.00,,,,,,,
211,CITIMALL SUKABUMI,1,1-0130,0.00,Y,,0.00,0.00,,,,,,,
212,CITIMALL SUKABUMI,1,1-0140,0.00,Y,,0.00,0.00,,,,,,,
213,CITIMALL SUKABUMI,1,1-0150,25.00,Y,,0.00,0.00,,,,,,,
214,CITIMALL SUKABUMI,1,1-0170,56.33,Y,Full Rental,"225,000.00","102,000.00",31/Jul/2019,29/Aug/2022,30/Aug/2019,29/Aug/2022,31/Jul/2019,CITRA KIDS,CITRA KIDS
215,CITIMALL SUKABUMI,1,1-0180,0.00,Y,,0.00,0.00,,,,,,,
216,CITIMALL SUKABUMI,1,1-0190,0.00,Y,,0.00,0.00,,,,,,,
217,CITIMALL SUKABUMI,1,1-0200,117.36,Y,Full Rental,"120,000.00","102,000.00",04/Feb/2019,09/Mar/2024,10/Mar/2019,09/Mar/2024,04/Feb/2019,ALEEYA HIJAB,ALEEYA HIJAB
218,CITIMALL SUKABUMI,1,1-0210,0.00,Y,,0.00,0.00,,,,,,,
219,CITIMALL SUKABUMI,1,1-0220,0.00,Y,,0.00,0.00,,,,,,,
220,CITIMALL SUKABUMI,1,1-0230,0.00,Y,,0.00,0.00,,,,,,,
221,CITIMALL SUKABUMI,1,1-0231,24.91,Y,Full Rental,"60,000.00","50,000.00",04/Feb/2019,09/Mar/2024,10/Mar/2019,09/Mar/2024,04/Feb/2019,GUDANG ALEEYA HIJAB,GUDANG ALEEYA HIJAB
222,CITIMALL SUKABUMI,1,1-0233,0.00,Y,,0.00,0.00,,,,,,,
223,CITIMALL SUKABUMI,1,1-0236,31.44,Y,Full Rental,"220,000.00","102,000.00",04/May/2018,17/May/2021,18/May/2018,17/May/2021,04/May/2018,SHARK,SHARKS
224,CITIMALL SUKABUMI,1,1-0240,34.00,Y,Full Rental,"274,443.76",0.00,01/Sep/2020,30/Sep/2020,01/Sep/2020,30/Sep/2020,01/Sep/2020,TRIE & DIE,TRIE AND DIE JEANS
225,CITIMALL SUKABUMI,1,1-0245,0.00,Y,,0.00,0.00,,,,,,,
226,CITIMALL SUKABUMI,1,1-0250,34.00,Y,Full Rental,"15,151.53",0.00,14/Sep/2020,30/Nov/2020,14/Sep/2020,30/Nov/2020,14/Sep/2020,THE BODY SHOP,GUDANG THE BODY SHOP
227,CITIMALL SUKABUMI,1,1-0260,0.00,Y,,0.00,0.00,,,,,,,
228,CITIMALL SUKABUMI,1,1-0270,0.00,Y,,0.00,0.00,,,,,,,
229,CITIMALL SUKABUMI,1,1-0271,259.20,Y,Full Rental,"200,000.00","102,000.00",03/Aug/2018,01/Sep/2021,02/Sep/2018,01/Sep/2021,03/Aug/2018,MINISO,MINISO
230,CITIMALL SUKABUMI,1,1-0280,106.33,Y,Full Rental,"175,000.00","102,000.00",21/Apr/2017,20/May/2021,21/Apr/2017,20/May/2021,21/Apr/2017,BUTI FASHION,BUTI FASHION
231,CITIMALL SUKABUMI,1,1-0290,145.02,Y,Full Rental,"175,000.00","102,000.00",26/May/2019,25/May/2021,26/May/2019,25/May/2021,26/May/2019,BUTI FASHION,BUTI FASHION
232,CITIMALL SUKABUMI,1,1-0300,85.88,Y,Full Rental,"180,000.00","102,000.00",19/Jan/2018,14/Mar/2023,15/Mar/2018,14/Mar/2023,19/Jan/2018,GALERI ELZATTA,GALERI ELZATTA
233,CITIMALL SUKABUMI,1,1-0310,0.00,Y,,0.00,0.00,,,,,,,
234,CITIMALL SUKABUMI,1,1-0320,0.00,Y,,0.00,0.00,,,,,,,
235,CITIMALL SUKABUMI,1,1-0330,0.00,Y,,0.00,0.00,,,,,,,
236,CITIMALL SUKABUMI,1,1-0340,34.96,Y,Full Rental,"180,000.00","102,000.00",19/Jan/2018,14/Mar/2023,15/Mar/2018,14/Mar/2023,19/Jan/2018,DAUKY,DAUKY
237,CITIMALL SUKABUMI,1,1-0350,0.00,Y,,0.00,0.00,,,,,,,
238,CITIMALL SUKABUMI,1,1-0360,32.63,Y,Full Rental,"180,000.00","102,000.00",06/Mar/2018,14/Apr/2023,15/Apr/2018,14/Apr/2023,06/Mar/2018,NISRINA,NIBRAS HOUSE
239,CITIMALL SUKABUMI,1,1-0365,4.00,Y,Full Rental,"90,000.00","51,000.00",06/Mar/2018,14/Apr/2023,15/Apr/2018,14/Apr/2023,06/Mar/2018,NISRINA,GUDANG NIBRAS HOUSE
240,CITIMALL SUKABUMI,1,1-0370,0.00,Y,,0.00,0.00,,,,,,,
241,CITIMALL SUKABUMI,1,1-0372,0.00,Y,,0.00,0.00,,,,,,,
242,CITIMALL SUKABUMI,1,1-0373,0.00,Y,,0.00,0.00,,,,,,,
243,CITIMALL SUKABUMI,1,1-0380,35.20,Y,,0.00,0.00,,,,,,,
244,CITIMALL SUKABUMI,1,1-0381,0.00,Y,,0.00,0.00,,,,,,,
245,CITIMALL SUKABUMI,1,1-0382,0.00,Y,,0.00,0.00,,,,,,,
246,CITIMALL SUKABUMI,1,1-0383,0.00,Y,,0.00,0.00,,,,,,,
247,CITIMALL SUKABUMI,1,1-0390,0.00,Y,,0.00,0.00,,,,,,,
248,CITIMALL SUKABUMI,1,1-0400,0.00,Y,,0.00,0.00,,,,,,,
249,CITIMALL SUKABUMI,1,1-0410,0.00,Y,,0.00,0.00,,,,,,,
250,CITIMALL SUKABUMI,1,1-0420,0.00,Y,,0.00,0.00,,,,,,,
251,CITIMALL SUKABUMI,1,1-0450,5.70,Y,,"473,684.56",0.00,,,,,,,
252,CITIMALL SUKABUMI,1,1-BAM01,29.15,N,,0.00,0.00,,,,,,,
253,CITIMALL SUKABUMI,1,1-BAM02,30.85,N,,0.00,0.00,,,,,,,
254,CITIMALL SUKABUMI,1,1-BOH01,24.00,N,,0.00,0.00,,,,,,,
255,CITIMALL SUKABUMI,1,1-BOH02,27.00,N,,0.00,0.00,,,,,,,
256,CITIMALL SUKABUMI,1,1-BOH03,33.00,N,,0.00,0.00,,,,,,,
257,CITIMALL SUKABUMI,1,1-BOH04,26.00,N,,0.00,0.00,,,,,,,
258,CITIMALL SUKABUMI,1,1-BOH05,73.56,N,,0.00,0.00,,,,,,,
259,CITIMALL SUKABUMI,1,1-BOH06,27.00,N,,0.00,0.00,,,,,,,
260,CITIMALL SUKABUMI,1,1-BOH07,54.83,N,,0.00,0.00,,,,,,,
261,CITIMALL SUKABUMI,1,1-COM,"1,956.83",N,,0.00,0.00,,,,,,,
262,CITIMALL SUKABUMI,1,1-CVT01,47.00,N,,0.00,0.00,,,,,,,
263,CITIMALL SUKABUMI,1,1-CVT02,47.00,N,,0.00,0.00,,,,,,,
264,CITIMALL SUKABUMI,1,1-CVT03,9.00,N,,0.00,0.00,,,,,,,
265,CITIMALL SUKABUMI,1,1-CVT04,12.00,N,,0.00,0.00,,,,,,,
266,CITIMALL SUKABUMI,1,1-MEP01,26.00,N,,0.00,0.00,,,,,,,
267,CITIMALL SUKABUMI,1,1-MEP02,23.00,N,,0.00,0.00,,,,,,,
268,CITIMALL SUKABUMI,1,1-MEP03,32.00,N,,0.00,0.00,,,,,,,
269,CITIMALL SUKABUMI,1,1-OFF01,0.00,N,,0.00,0.00,,,,,,,
270,CITIMALL SUKABUMI,1,1-OFF02,0.00,N,,0.00,0.00,,,,,,,
271,CITIMALL SUKABUMI,1,1-STI-0001,19.40,N,,0.00,0.00,,,,,,,
272,CITIMALL SUKABUMI,1,1-STI-0002,19.20,N,,0.00,0.00,,,,,,,
273,CITIMALL SUKABUMI,1,1-STI-0003,26.50,N,,0.00,0.00,,,,,,,
274,CITIMALL SUKABUMI,1,1-STI-0004,0.00,N,,0.00,0.00,,,,,,,
275,CITIMALL SUKABUMI,1,1-STI-0005,0.00,N,,0.00,0.00,,,,,,,
276,CITIMALL SUKABUMI,1,1-STI-0006,0.00,N,,0.00,0.00,,,,,,,
277,CITIMALL SUKABUMI,1,1-STI-0007,17.60,N,,0.00,0.00,,,,,,,
278,CITIMALL SUKABUMI,1,1-STI-0008,19.00,N,,0.00,0.00,,,,,,,
279,CITIMALL SUKABUMI,1,1-STI-0009,17.10,N,,0.00,0.00,,,,,,,
280,CITIMALL SUKABUMI,1,1-STI-0010,16.60,N,,0.00,0.00,,,,,,,
281,CITIMALL SUKABUMI,1,1-STI-0011,16.00,N,,0.00,0.00,,,,,,,
282,CITIMALL SUKABUMI,1,1-STI-0012,15.50,N,,0.00,0.00,,,,,,,
283,CITIMALL SUKABUMI,1,1-STI-0013,15.00,N,,0.00,0.00,,,,,,,
284,CITIMALL SUKABUMI,1,1-STI-0014,13.20,N,,0.00,0.00,,,,,,,
285,CITIMALL SUKABUMI,1,1-STI-0015,5.50,N,,0.00,0.00,,,,,,,
286,CITIMALL SUKABUMI,1,1-STI-0016,5.70,N,,0.00,0.00,,,,,,,
287,CITIMALL SUKABUMI,1,1-STI-0017,5.70,N,,0.00,0.00,,,,,,,
288,CITIMALL SUKABUMI,1,1-STI-0018,5.70,N,,0.00,0.00,,,,,,,
289,CITIMALL SUKABUMI,1,1-STI-0019,5.70,N,,0.00,0.00,,,,,,,
290,CITIMALL SUKABUMI,1,1-STI-0020,5.70,N,,0.00,0.00,,,,,,,
291,CITIMALL SUKABUMI,1,1-STI-0021,5.70,N,,0.00,0.00,,,,,,,
292,CITIMALL SUKABUMI,1,1-STI-0022,5.70,N,,0.00,0.00,,,,,,,
293,CITIMALL SUKABUMI,1,1-STI-0023,5.70,N,,0.00,0.00,,,,,,,
294,CITIMALL SUKABUMI,1,1-STI-0024,5.70,N,,0.00,0.00,,,,,,,
295,CITIMALL SUKABUMI,1,1-STI-0025,5.70,N,,0.00,0.00,,,,,,,
296,CITIMALL SUKABUMI,1,1-STI-0026,5.70,N,,0.00,0.00,,,,,,,
297,CITIMALL SUKABUMI,1,1-STI-0027,5.70,N,,0.00,0.00,,,,,,,
298,CITIMALL SUKABUMI,1,1-STI-0028,5.70,N,,0.00,0.00,,,,,,,
299,CITIMALL SUKABUMI,1,1-STI-0029,5.70,N,,0.00,0.00,,,,,,,
300,CITIMALL SUKABUMI,1,1-STI-0030,5.70,N,,0.00,0.00,,,,,,,
301,CITIMALL SUKABUMI,1,1-STI-0031,5.70,N,,0.00,0.00,,,,,,,
302,CITIMALL SUKABUMI,1,1-STI-0032,5.70,N,,0.00,0.00,,,,,,,
303,CITIMALL SUKABUMI,1,1-STI-0033,5.70,N,,0.00,0.00,,,,,,,
304,CITIMALL SUKABUMI,1,1-STI-0034,5.70,N,,0.00,0.00,,,,,,,
305,CITIMALL SUKABUMI,1,1-STI-0035,5.70,N,,0.00,0.00,,,,,,,
306,CITIMALL SUKABUMI,1,1-STI-0036,5.70,N,,0.00,0.00,,,,,,,
307,CITIMALL SUKABUMI,1,1-STI-0037,5.70,N,,0.00,0.00,,,,,,,
308,CITIMALL SUKABUMI,1,1-STI-0038,5.70,N,,0.00,0.00,,,,,,,
309,CITIMALL SUKABUMI,1,1-STI-0039,5.70,N,,0.00,0.00,,,,,,,
310,CITIMALL SUKABUMI,1,1-STI-0040,21.30,N,,0.00,0.00,,,,,,,
311,CITIMALL SUKABUMI,1,1-STI-0041,16.70,N,,0.00,0.00,,,,,,,
312,CITIMALL SUKABUMI,1,1-STI-0042,16.90,N,,0.00,0.00,,,,,,,
313,CITIMALL SUKABUMI,1,1-STI-0043,16.90,N,,0.00,0.00,,,,,,,
314,CITIMALL SUKABUMI,1,1-STI-0044,18.50,N,,0.00,0.00,,,,,,,
315,CITIMALL SUKABUMI,1,1-STI-0045,8.10,N,,0.00,0.00,,,,,,,
316,CITIMALL SUKABUMI,1,1-STI-0046,8.10,N,,0.00,0.00,,,,,,,
317,CITIMALL SUKABUMI,1,1-STI-0047,8.10,N,,0.00,0.00,,,,,,,
318,CITIMALL SUKABUMI,1,1-STI-0048,8.10,N,,0.00,0.00,,,,,,,
319,CITIMALL SUKABUMI,1,1-STI-0049,8.10,N,,0.00,0.00,,,,,,,
320,CITIMALL SUKABUMI,1,1-STI-0050,8.10,N,,0.00,0.00,,,,,,,
321,CITIMALL SUKABUMI,1,1-STI-0051,14.00,N,,0.00,0.00,,,,,,,
322,CITIMALL SUKABUMI,1,1-STI-0052,14.50,N,,0.00,0.00,,,,,,,
323,CITIMALL SUKABUMI,1,1-STI-0053,0.00,N,,0.00,0.00,,,,,,,
324,CITIMALL SUKABUMI,1,1-STI-0054,0.00,N,,0.00,0.00,,,,,,,
325,CITIMALL SUKABUMI,1,1-STI-0055,8.10,N,,0.00,0.00,,,,,,,
326,CITIMALL SUKABUMI,1,1-STI-0056,8.10,N,,0.00,0.00,,,,,,,
327,CITIMALL SUKABUMI,RF,RF-WIR01,1.00,N,Full Rental,"7,500,000.00",0.00,01/Jun/2016,31/May/2021,01/Jun/2016,31/May/2021,01/Jun/2016,BTS XL,BTS XL
328,CITIMALL SUKABUMI,RF,RF-WIR02,1.00,N,Full Rental,"7,916,666.66",0.00,01/May/2018,30/Apr/2023,01/May/2018,30/Apr/2023,01/May/2018,BTS VIOLET,BTS VIOLET
329,CITIMALL SUKABUMI,RF,RF-WIR03,1.00,N,Full Rental,"15,833,333.33",0.00,01/Jul/2017,30/Jun/2022,01/Jul/2017,30/Jun/2022,01/Jul/2017,INDOSAT,INDOSAT
330,CITIMALL SUKABUMI,RF,RF-WIR04,2.00,N,Full Rental,"2,500,000.00",0.00,01/Aug/2019,31/Jul/2024,01/Aug/2019,31/Jul/2024,01/Aug/2019,BTS VIOLET H31 (TRI),BTS 3
331,CITIMALL SUKABUMI,2,2-0010,"3,185.17",Y,Full Rental,"40,000.00","20,630.00",19/Dec/2018,18/Dec/2028,19/Dec/2018,18/Dec/2028,19/Dec/2018,"PT. MATAHARI DEPARTMENT STORE, TBK",MATAHARI DEPARTMENT STORE
332,CITIMALL SUKABUMI,2,2-0020,285.00,Y,Full Rental,"120,000.00","49,280.00",01/Jul/2018,30/Jun/2023,01/Jul/2018,30/Jun/2023,01/Jul/2018,NELIE KRISEN,DINO PARK
333,CITIMALL SUKABUMI,2,2-0030,195.35,Y,Full Rental,"115,000.00","102,000.00",25/Feb/2019,28/Mar/2024,29/Mar/2019,28/Mar/2024,25/Feb/2019,SPORT STATION,SPORTS STATION
334,CITIMALL SUKABUMI,2,2-0040,490.04,Y,Full Rental,"90,000.00","102,000.00",14/Aug/2018,26/Sep/2023,27/Sep/2018,26/Sep/2023,14/Aug/2018,FUN CITY,FUN CITY
335,CITIMALL SUKABUMI,2,2-0050,0.00,Y,,0.00,0.00,,,,,,,
336,CITIMALL SUKABUMI,2,2-0060,0.00,Y,,0.00,0.00,,,,,,,
337,CITIMALL SUKABUMI,2,2-0070,0.00,Y,,0.00,0.00,,,,,,,
338,CITIMALL SUKABUMI,2,2-0080,0.00,Y,,0.00,0.00,,,,,,,
339,CITIMALL SUKABUMI,2,2-0085,140.06,Y,Full Rental,"120,000.00","49,280.00",26/Mar/2019,31/Jul/2023,31/Mar/2019,31/Jul/2023,26/Mar/2019,NELIE KRISEN,DINO PARK
340,CITIMALL SUKABUMI,2,2-0090,0.00,Y,,0.00,0.00,,,,,,,
341,CITIMALL SUKABUMI,2,2-0100,0.00,Y,,0.00,0.00,,,,,,,
342,CITIMALL SUKABUMI,2,2-0110,0.00,Y,,0.00,0.00,,,,,,,
343,CITIMALL SUKABUMI,2,2-0120,26.58,Y,Full Rental,"100,000.00","44,000.00",31/Mar/2019,11/May/2024,12/May/2019,11/May/2024,31/Mar/2019,YOPIE SALON,YOPIE SALON
344,CITIMALL SUKABUMI,2,2-0130,0.00,Y,,0.00,0.00,,,,,,,
345,CITIMALL SUKABUMI,2,2-0140,0.00,Y,,0.00,0.00,,,,,,,
346,CITIMALL SUKABUMI,2,2-0150,0.00,Y,,0.00,0.00,,,,,,,
347,CITIMALL SUKABUMI,2,2-0155,0.00,Y,,0.00,0.00,,,,,,,
348,CITIMALL SUKABUMI,2,2-0160,0.00,Y,,0.00,0.00,,,,,,,
349,CITIMALL SUKABUMI,2,2-0165,0.00,Y,,0.00,0.00,,,,,,,
350,CITIMALL SUKABUMI,2,2-0170,0.00,Y,,0.00,0.00,,,,,,,
351,CITIMALL SUKABUMI,2,2-0175,0.00,Y,,0.00,0.00,,,,,,,
352,CITIMALL SUKABUMI,2,2-0180,0.00,Y,,0.00,0.00,,,,,,,
353,CITIMALL SUKABUMI,2,2-0190,11.00,Y,Full Rental,"523,895.09",0.00,01/Sep/2020,30/Sep/2020,01/Sep/2020,30/Sep/2020,01/Sep/2020,AYAM BAKAR PENYET SUKABUMI & CHINESE FOOD ,AYAM BAKAR PENYET SUKABUMI & CHINESE FOOD
354,CITIMALL SUKABUMI,2,2-0200,11.00,Y,,0.00,0.00,,,,,,,
355,CITIMALL SUKABUMI,2,2-0210,11.00,Y,,0.00,0.00,,,,,,,
356,CITIMALL SUKABUMI,2,2-0220,11.00,Y,,0.00,0.00,,,,,,,
357,CITIMALL SUKABUMI,2,2-0230,11.00,Y,,0.00,0.00,,,,,,,
358,CITIMALL SUKABUMI,2,2-0240,11.00,Y,,0.00,0.00,,,,,,,
359,CITIMALL SUKABUMI,2,2-0250,11.00,Y,Full Rental,"523,895.09",0.00,01/Sep/2020,30/Sep/2020,01/Sep/2020,30/Sep/2020,01/Sep/2020,UNI PADANG,UNI PADANG
360,CITIMALL SUKABUMI,2,2-0260,0.00,Y,,0.00,0.00,,,,,,,
361,CITIMALL SUKABUMI,2,2-0270,0.00,Y,,0.00,0.00,,,,,,,
362,CITIMALL SUKABUMI,2,2-0280,0.00,Y,,0.00,0.00,,,,,,,
363,CITIMALL SUKABUMI,2,2-0290,9.00,Y,Full Rental,"707,070.70",0.00,01/Oct/2019,30/Sep/2020,01/Oct/2019,30/Sep/2020,01/Oct/2019,ICE CREAM CAMPINA,ICE CREAM CAMPINA
364,CITIMALL SUKABUMI,2,2-BAM01,32.46,N,,0.00,0.00,,,,,,,
365,CITIMALL SUKABUMI,2,2-BAM02,13.53,N,,0.00,0.00,,,,,,,
366,CITIMALL SUKABUMI,2,2-BOH01,24.00,N,,0.00,0.00,,,,,,,
367,CITIMALL SUKABUMI,2,2-BOH02,27.00,N,,0.00,0.00,,,,,,,
368,CITIMALL SUKABUMI,2,2-BOH03,33.00,N,,0.00,0.00,,,,,,,
369,CITIMALL SUKABUMI,2,2-BOH04,26.00,N,,0.00,0.00,,,,,,,
370,CITIMALL SUKABUMI,2,2-BOH05,25.00,N,,0.00,0.00,,,,,,,
371,CITIMALL SUKABUMI,2,2-BOH06,27.00,N,,0.00,0.00,,,,,,,
372,CITIMALL SUKABUMI,2,2-COM,870.01,N,,0.00,0.00,,,,,,,
373,CITIMALL SUKABUMI,2,2-CVT01,12.00,N,,0.00,0.00,,,,,,,
374,CITIMALL SUKABUMI,2,2-CVT02,39.00,N,,0.00,0.00,,,,,,,
375,CITIMALL SUKABUMI,2,2-CVT03,47.00,N,,0.00,0.00,,,,,,,
376,CITIMALL SUKABUMI,2,2-CVT04,9.00,N,,0.00,0.00,,,,,,,
377,CITIMALL SUKABUMI,2,2-MEP01,26.00,N,,0.00,0.00,,,,,,,
378,CITIMALL SUKABUMI,2,2-MEP02,23.00,N,,0.00,0.00,,,,,,,
379,CITIMALL SUKABUMI,2,2-MEP03,32.00,N,,0.00,0.00,,,,,,,
380,CITIMALL SUKABUMI,2,2-OFF01,0.00,N,,0.00,0.00,,,,,,,
381,CITIMALL SUKABUMI,2,2-OFF02,0.00,N,,0.00,0.00,,,,,,,
382,CITIMALL SUKABUMI,2,2-OFF03,0.00,N,,0.00,0.00,,,,,,,
383,CITIMALL SUKABUMI,2,2-STI-0001,12.80,N,,0.00,0.00,,,,,,,
384,CITIMALL SUKABUMI,2,2-STI-0002,12.48,N,,0.00,0.00,,,,,,,
385,CITIMALL SUKABUMI,2,2-STI-0003,32.00,N,,0.00,0.00,,,,,,,
386,CITIMALL SUKABUMI,2,2-TBU01,0.00,Y,,0.00,0.00,,,,,,,
387,CITIMALL SUKABUMI,2,2-TBU02,0.00,Y,,0.00,0.00,,,,,,,
388,CITIMALL SUKABUMI,2,2-TBU03,0.00,Y,,0.00,0.00,,,,,,,
389,CITIMALL SUKABUMI,2,2-TBU04,0.00,Y,,0.00,0.00,,,,,,,
390,CITIMALL SUKABUMI,3,3-0010,374.24,Y,,0.00,0.00,,,,,,,
391,CITIMALL SUKABUMI,3,3-0015,30.64,Y,,0.00,0.00,,,,,,,
392,CITIMALL SUKABUMI,3,3-0020,417.70,Y,,0.00,"49,681.28",,,,,,,
393,CITIMALL SUKABUMI,3,3-0030,0.00,Y,,0.00,0.00,,,,,,,
394,CITIMALL SUKABUMI,3,3-0031,"2,782.32",Y,Full Rental,"40,000.00","20,630.00",19/Dec/2018,18/Dec/2028,19/Dec/2018,18/Dec/2028,19/Dec/2018,"PT. MATAHARI DEPARTMENT STORE, TBK",MATAHARI DEPARTMENT STORE
395,CITIMALL SUKABUMI,3,3-0040,0.00,Y,,0.00,0.00,,,,,,,
396,CITIMALL SUKABUMI,3,3-0050,0.00,Y,,0.00,"9,000,000.00",,,,,,,
397,CITIMALL SUKABUMI,3,3-0060,0.00,Y,,0.00,0.00,,,,,,,
398,CITIMALL SUKABUMI,3,3-0070,0.00,Y,,0.00,0.00,,,,,,,
399,CITIMALL SUKABUMI,3,3-0080,0.00,Y,,0.00,0.00,,,,,,,
400,CITIMALL SUKABUMI,3,3-0090,0.00,Y,,0.00,0.00,,,,,,,
401,CITIMALL SUKABUMI,3,3-0100,0.00,Y,,0.00,0.00,,,,,,,
402,CITIMALL SUKABUMI,3,3-0100A,0.00,Y,,0.00,0.00,,,,,,,
403,CITIMALL SUKABUMI,3,3-0100B,0.00,Y,,0.00,0.00,,,,,,,
404,CITIMALL SUKABUMI,3,3-0100C,0.00,Y,,0.00,0.00,,,,,,,
405,CITIMALL SUKABUMI,3,3-0100D,0.00,Y,,0.00,0.00,,,,,,,
406,CITIMALL SUKABUMI,3,3-0100E,0.00,Y,,0.00,0.00,,,,,,,
407,CITIMALL SUKABUMI,3,3-0100F,0.00,Y,,0.00,0.00,,,,,,,
408,CITIMALL SUKABUMI,3,3-0100G,0.00,Y,,0.00,0.00,,,,,,,
409,CITIMALL SUKABUMI,3,3-0100H,0.00,Y,,0.00,0.00,,,,,,,
410,CITIMALL SUKABUMI,3,3-0100I,0.00,Y,,0.00,0.00,,,,,,,
411,CITIMALL SUKABUMI,3,3-0100J,0.00,Y,,0.00,0.00,,,,,,,
412,CITIMALL SUKABUMI,3,3-0100K,0.00,Y,,0.00,0.00,,,,,,,
413,CITIMALL SUKABUMI,3,3-0100L,0.00,Y,,0.00,0.00,,,,,,,
414,CITIMALL SUKABUMI,3,3-0100M,0.00,Y,,0.00,0.00,,,,,,,
415,CITIMALL SUKABUMI,3,3-0100N,0.00,Y,,0.00,0.00,,,,,,,
416,CITIMALL SUKABUMI,3,3-0100P,0.00,Y,,0.00,0.00,,,,,,,
417,CITIMALL SUKABUMI,3,3-0100Z,0.00,Y,,0.00,0.00,,,,,,,
418,CITIMALL SUKABUMI,3,3-0101,154.44,Y,Full Rental,"50,000.00","36,750.00",29/Nov/2018,26/Dec/2023,27/Dec/2018,26/Dec/2023,29/Nov/2018,MR. DIY,MR. DIY
419,CITIMALL SUKABUMI,3,3-0105,0.00,Y,,0.00,0.00,,,,,,,
420,CITIMALL SUKABUMI,3,3-0110,0.00,Y,,0.00,0.00,,,,,,,
421,CITIMALL SUKABUMI,3,3-0120,0.00,Y,,0.00,0.00,,,,,,,
422,CITIMALL SUKABUMI,3,3-0130,0.00,Y,,0.00,0.00,,,,,,,
423,CITIMALL SUKABUMI,3,3-0135,0.00,Y,,0.00,0.00,,,,,,,
424,CITIMALL SUKABUMI,3,3-0150,0.00,Y,,0.00,0.00,,,,,,,
425,CITIMALL SUKABUMI,3,3-0160,0.00,Y,,0.00,0.00,,,,,,,
426,CITIMALL SUKABUMI,3,3-0170,0.00,Y,,0.00,0.00,,,,,,,
427,CITIMALL SUKABUMI,3,3-0180,0.00,Y,,0.00,0.00,,,,,,,
428,CITIMALL SUKABUMI,3,3-0190,0.00,Y,,0.00,0.00,,,,,,,
429,CITIMALL SUKABUMI,3,3-0200,0.00,Y,,0.00,0.00,,,,,,,
430,CITIMALL SUKABUMI,3,3-0210,0.00,Y,,0.00,0.00,,,,,,,
431,CITIMALL SUKABUMI,3,3-0220,0.00,Y,,0.00,0.00,,,,,,,
432,CITIMALL SUKABUMI,3,3-0230,0.00,Y,,0.00,0.00,,,,,,,
433,CITIMALL SUKABUMI,3,3-0240,0.00,Y,,0.00,0.00,,,,,,,
434,CITIMALL SUKABUMI,3,3-0250,0.00,Y,,0.00,0.00,,,,,,,
435,CITIMALL SUKABUMI,3,3-0251,84.74,Y,Full Rental,"50,000.00","36,750.00",29/Nov/2018,26/Dec/2023,27/Dec/2018,26/Dec/2023,29/Nov/2018,MR. DIY,MR. DIY
436,CITIMALL SUKABUMI,3,3-0255,87.58,Y,Combine,"95,912.30",0.00,14/Jan/2020,30/Jan/2021,31/Jan/2020,30/Jan/2021,14/Jan/2020,GUNUNG AGUNG,GUNUNG AGUNG
437,CITIMALL SUKABUMI,3,3-0260,0.00,Y,,0.00,0.00,,,,,,,
438,CITIMALL SUKABUMI,3,3-0270,0.00,Y,,0.00,0.00,,,,,,,
439,CITIMALL SUKABUMI,3,3-0280,0.00,Y,,0.00,0.00,,,,,,,
440,CITIMALL SUKABUMI,3,3-0290,0.00,Y,,0.00,0.00,,,,,,,
441,CITIMALL SUKABUMI,3,3-0300,0.00,Y,,0.00,0.00,,,,,,,
442,CITIMALL SUKABUMI,3,3-0310,0.00,Y,,0.00,0.00,,,,,,,
443,CITIMALL SUKABUMI,3,3-0320,0.00,Y,,0.00,0.00,,,,,,,
444,CITIMALL SUKABUMI,3,3-0330,0.00,Y,,0.00,0.00,,,,,,,
445,CITIMALL SUKABUMI,3,3-0340,0.00,Y,,0.00,0.00,,,,,,,
446,CITIMALL SUKABUMI,3,3-0350,0.00,Y,,0.00,0.00,,,,,,,
447,CITIMALL SUKABUMI,3,3-0360,0.00,Y,,0.00,0.00,,,,,,,
448,CITIMALL SUKABUMI,3,3-0370,0.00,Y,,0.00,0.00,,,,,,,
449,CITIMALL SUKABUMI,3,3-0380,5.70,Y,Full Rental,"480,000.00","92,500.00",01/Oct/2019,30/Sep/2020,01/Oct/2019,30/Sep/2020,01/Oct/2019,PARKUD ACCESSORIES,PARKUD ACCESSORIES
450,CITIMALL SUKABUMI,3,3-0390,5.60,Y,Full Rental,"580,130.89",0.00,01/Sep/2020,30/Sep/2020,01/Sep/2020,30/Sep/2020,01/Sep/2020,FIRMAN SANUSI ( SERVICE HANDPHONE),HANDPHONE
451,CITIMALL SUKABUMI,3,3-0400,0.00,Y,,0.00,0.00,,,,,,,
452,CITIMALL SUKABUMI,3,3-0420,0.00,Y,,0.00,0.00,,,,,,,
453,CITIMALL SUKABUMI,3,3-0460,29.80,Y,,0.00,0.00,,,,,,,
454,CITIMALL SUKABUMI,3,3-0470,0.00,Y,,0.00,0.00,,,,,,,
455,CITIMALL SUKABUMI,3,3-0480,0.00,Y,,0.00,0.00,,,,,,,
456,CITIMALL SUKABUMI,3,3-0481,0.00,Y,,0.00,0.00,,,,,,,
457,CITIMALL SUKABUMI,3,3-0482,0.00,Y,,0.00,0.00,,,,,,,
458,CITIMALL SUKABUMI,3,3-0483,0.00,Y,,0.00,0.00,,,,,,,
459,CITIMALL SUKABUMI,3,3-0484,0.00,Y,,0.00,0.00,,,,,,,
460,CITIMALL SUKABUMI,3,3-0485,0.00,Y,,0.00,0.00,,,,,,,
461,CITIMALL SUKABUMI,3,3-0490,0.00,Y,,0.00,0.00,,,,,,,
462,CITIMALL SUKABUMI,3,3-0491,0.00,Y,,0.00,0.00,,,,,,,
463,CITIMALL SUKABUMI,3,3-0500,0.00,Y,,0.00,0.00,,,,,,,
464,CITIMALL SUKABUMI,3,3-0510,0.00,Y,,0.00,0.00,,,,,,,
465,CITIMALL SUKABUMI,3,3-0520,0.00,Y,,0.00,0.00,,,,,,,
466,CITIMALL SUKABUMI,3,3-0530,0.00,Y,,0.00,0.00,,,,,,,
467,CITIMALL SUKABUMI,3,3-0540,0.00,Y,,0.00,0.00,,,,,,,
468,CITIMALL SUKABUMI,3,3-0550,0.00,Y,,0.00,0.00,,,,,,,
469,CITIMALL SUKABUMI,3,3-0560,0.00,Y,,0.00,0.00,,,,,,,
470,CITIMALL SUKABUMI,3,3-0570,0.00,Y,,0.00,0.00,,,,,,,
471,CITIMALL SUKABUMI,3,3-0580,0.00,Y,,0.00,0.00,,,,,,,
472,CITIMALL SUKABUMI,3,3-0590A,4.00,Y,Full Rental,"409,091.00",0.00,01/Sep/2020,30/Sep/2020,01/Sep/2020,30/Sep/2020,01/Sep/2020,RJ CELL,RJ CELL
473,CITIMALL SUKABUMI,3,3-0590B,4.00,Y,,0.00,0.00,,,,,,,
474,CITIMALL SUKABUMI,3,3-0590C,4.00,Y,Full Rental,"409,091.00",0.00,01/Sep/2020,30/Sep/2020,01/Sep/2020,30/Sep/2020,01/Sep/2020,ABI & EZA CELL,ABI & EZA CELL
475,CITIMALL SUKABUMI,3,3-0590D,4.00,Y,Full Rental,"409,091.00",0.00,01/Sep/2020,30/Sep/2020,01/Sep/2020,30/Sep/2020,01/Sep/2020,CENTURY CELL,CENTURY CELL
476,CITIMALL SUKABUMI,3,3-0590E,4.00,Y,Full Rental,"409,091.00",0.00,01/Sep/2020,30/Sep/2020,01/Sep/2020,30/Sep/2020,01/Sep/2020,MASTER CELL,MASTER CELL
477,CITIMALL SUKABUMI,3,3-0590F,4.00,Y,Full Rental,"409,091.00",0.00,01/Sep/2020,30/Sep/2020,01/Sep/2020,30/Sep/2020,01/Sep/2020,HANDPHONE (INCUBATOR),HANDPHONE
478,CITIMALL SUKABUMI,3,3-0590G,4.00,Y,Full Rental,"409,091.00",0.00,01/Sep/2020,30/Sep/2020,01/Sep/2020,30/Sep/2020,01/Sep/2020,PONDOK CELL,PONDOK CELL
479,CITIMALL SUKABUMI,3,3-0590H,4.00,Y,,0.00,0.00,,,,,,,
480,CITIMALL SUKABUMI,3,3-0590I,4.00,Y,Full Rental,"409,091.00",0.00,01/Sep/2020,30/Sep/2020,01/Sep/2020,30/Sep/2020,01/Sep/2020,UDA COM,UDA COM
481,CITIMALL SUKABUMI,3,3-0590J,4.00,Y,,0.00,0.00,,,,,,,
482,CITIMALL SUKABUMI,3,3-BAM01,34.86,N,,0.00,0.00,,,,,,,
483,CITIMALL SUKABUMI,3,3-BAM02,47.14,N,,0.00,0.00,,,,,,,
484,CITIMALL SUKABUMI,3,3-BOH01,23.00,N,,0.00,0.00,,,,,,,
485,CITIMALL SUKABUMI,3,3-BOH02,0.00,N,,0.00,0.00,,,,,,,
486,CITIMALL SUKABUMI,3,3-BOH03,27.00,N,,0.00,0.00,,,,,,,
487,CITIMALL SUKABUMI,3,3-BOH04,40.00,N,,0.00,0.00,,,,,,,
488,CITIMALL SUKABUMI,3,3-BOH05,26.00,N,,0.00,0.00,,,,,,,
489,CITIMALL SUKABUMI,3,3-BOH06,25.00,N,,0.00,0.00,,,,,,,
490,CITIMALL SUKABUMI,3,3-BOH07,35.00,N,,0.00,0.00,,,,,,,
491,CITIMALL SUKABUMI,3,3-BOH08,25.00,N,,0.00,0.00,,,,,,,
492,CITIMALL SUKABUMI,3,3-COM,"1,134.41",N,,0.00,0.00,,,,,,,
493,CITIMALL SUKABUMI,3,3-CVT01,40.00,N,,0.00,0.00,,,,,,,
494,CITIMALL SUKABUMI,3,3-CVT02,9.00,N,,0.00,0.00,,,,,,,
495,CITIMALL SUKABUMI,3,3-CVT03,7.00,N,,0.00,0.00,,,,,,,
496,CITIMALL SUKABUMI,3,3-CVT04,9.00,N,,0.00,0.00,,,,,,,
497,CITIMALL SUKABUMI,3,3-MEP01,10.00,N,,0.00,0.00,,,,,,,
498,CITIMALL SUKABUMI,3,3-MEP02,26.00,N,,0.00,0.00,,,,,,,
499,CITIMALL SUKABUMI,3,3-MEP03,52.00,N,,0.00,0.00,,,,,,,
500,CITIMALL SUKABUMI,3,3-MEP04,32.00,N,,0.00,0.00,,,,,,,
501,CITIMALL SUKABUMI,3,3-MEP05,9.00,N,,0.00,0.00,,,,,,,
502,CITIMALL SUKABUMI,3,3-OFF01,0.00,N,,0.00,0.00,,,,,,,
503,CITIMALL SUKABUMI,3,3-OFF02,0.00,N,,0.00,0.00,,,,,,,
504,CITIMALL SUKABUMI,3,3-STI-0001,5.70,N,,0.00,0.00,,,,,,,
505,CITIMALL SUKABUMI,3,3-STI-0002,0.00,N,,0.00,0.00,,,,,,,
506,CITIMALL SUKABUMI,3,3-STI-0003,0.00,N,,0.00,0.00,,,,,,,
507,CITIMALL SUKABUMI,3,3-STI-0004,0.00,N,,0.00,0.00,,,,,,,
508,CITIMALL SUKABUMI,3,3-STI-0005,5.10,N,,0.00,0.00,,,,,,,
509,CITIMALL SUKABUMI,3,3-STI-0006,5.10,N,,0.00,0.00,,,,,,,
510,CITIMALL SUKABUMI,3,3-STI-0007,5.10,N,,0.00,0.00,,,,,,,
511,CITIMALL SUKABUMI,3,3-STI-0008,6.60,N,,0.00,0.00,,,,,,,
512,CITIMALL SUKABUMI,3,3-STI-0009,6.60,N,,0.00,0.00,,,,,,,
513,CITIMALL SUKABUMI,4,4-0010,850.00,Y,Full Rental,"29,090.91","11,818.18",21/Jul/2017,20/Dec/2022,21/Dec/2017,20/Dec/2022,21/Jul/2017,NENG OSHIN KAROKE,NENG OSHIN KAROKE
514,CITIMALL SUKABUMI,4,4-0020,803.51,Y,Full Rental,"40,000.00","38,500.00",25/Mar/2019,30/May/2022,31/May/2019,30/May/2022,25/Mar/2019,ALC,ALC
515,CITIMALL SUKABUMI,4,4-0030,"1,003.11",Y,Full Rental,"50,000.00","36,750.00",29/Nov/2018,26/Dec/2023,27/Dec/2018,26/Dec/2023,29/Nov/2018,MR. DIY,MR. DIY
516,CITIMALL SUKABUMI,4,4-0040,27.15,Y,Full Rental,"150,000.00","102,000.00",26/Mar/2019,30/May/2022,31/May/2019,30/May/2022,26/Mar/2019,ALC CORNER,ALC CORNER
517,CITIMALL SUKABUMI,4,4-0050,0.00,Y,,0.00,0.00,,,,,,,
518,CITIMALL SUKABUMI,4,4-BAM01,162.54,N,,0.00,0.00,,,,,,,
519,CITIMALL SUKABUMI,4,4-BAM02,28.82,N,,0.00,0.00,,,,,,,
520,CITIMALL SUKABUMI,4,4-BOH01,25.00,N,,0.00,0.00,,,,,,,
521,CITIMALL SUKABUMI,4,4-BOH02,27.00,N,,0.00,0.00,,,,,,,
522,CITIMALL SUKABUMI,4,4-BOH03,128.00,N,,0.00,0.00,,,,,,,
523,CITIMALL SUKABUMI,4,4-BOH04,241.00,N,,0.00,0.00,,,,,,,
524,CITIMALL SUKABUMI,4,4-BOH05,78.00,N,,0.00,0.00,,,,,,,
525,CITIMALL SUKABUMI,4,4-BOH06,23.00,N,,0.00,0.00,,,,,,,
526,CITIMALL SUKABUMI,4,4-BOH07,117.00,N,,0.00,0.00,,,,,,,
527,CITIMALL SUKABUMI,4,4-COM,444.44,N,,0.00,0.00,,,,,,,
528,CITIMALL SUKABUMI,4,4-CVT01,7.00,N,,0.00,0.00,,,,,,,
529,CITIMALL SUKABUMI,4,4-DED01,0.00,N,,0.00,0.00,,,,,,,
530,CITIMALL SUKABUMI,4,4-MEP01,"1,608.00",N,,0.00,0.00,,,,,,,
531,CITIMALL SUKABUMI,4,4-MEP02,190.00,N,,0.00,0.00,,,,,,,
532,CITIMALL SUKABUMI,4,4-MEP03,0.00,N,,0.00,0.00,,,,,,,
533,CITIMALL SUKABUMI,4,4-OFF01,0.00,N,,0.00,0.00,,,,,,,
534,THE PARK SAWANGAN,LG,LG-0010,"5,715.79",Y,Full Rental,"55,000.00","37,333.33",02/Oct/2019,02/Sep/2030,03/Sep/2020,02/Sep/2030,02/Oct/2019,LULU ,LULU
535,THE PARK SAWANGAN,LG,LG-0020,39.00,Y,Full Rental,"280,000.00","130,000.00",13/Feb/2020,12/Jul/2025,13/Jul/2020,12/Jul/2025,13/Feb/2020,BRUN BRUN,BRUN BRUN
536,THE PARK SAWANGAN,LG,LG-0030,15.00,Y,Full Rental,"400,000.00","130,000.00",07/Mar/2020,02/Jul/2023,03/Jul/2020,02/Jul/2023,07/Mar/2020,CAHAYA MONEY CHANGER,CAHAYA MONEY CHANGER
537,THE PARK SAWANGAN,LG,LG-0080,261.00,Y,,0.00,0.00,,,,,,,
538,THE PARK SAWANGAN,LG,LG-0090,16.50,Y,,0.00,0.00,,,,,,,
539,THE PARK SAWANGAN,LG,LG-0100,17.50,Y,,0.00,0.00,,,,,,,
540,THE PARK SAWANGAN,LG,LG-0105,29.00,Y,Full Rental,"275,000.00","39,000.00",28/Aug/2020,21/Sep/2022,22/Sep/2020,21/Sep/2022,28/Aug/2020,OB FIT,OB FIT
541,THE PARK SAWANGAN,LG,LG-0110,187.70,Y,Full Rental,"200,000.00","130,000.00",27/Feb/2020,31/Aug/2025,01/Sep/2020,31/Aug/2025,27/Feb/2020,AW RESTAURANT,AW RESTAURANT
542,THE PARK SAWANGAN,LG,LG-0130,198.70,Y,Full Rental,"200,000.00","130,000.00",19/Feb/2020,15/Jul/2025,16/Jul/2020,15/Jul/2025,19/Feb/2020,MINISO,MINISO
543,THE PARK SAWANGAN,LG,LG-0150,99.56,Y,Full Rental,"260,000.00","130,000.00",12/Feb/2020,15/Jul/2023,16/Jul/2020,15/Jul/2023,12/Feb/2020,DR. SPECS,DR. SPECS
544,THE PARK SAWANGAN,LG,LG-0160,199.54,Y,Full Rental,"190,000.00","130,000.00",11/Feb/2020,15/Jul/2025,16/Jul/2020,15/Jul/2025,11/Feb/2020,WATSONS,WATSONS
545,THE PARK SAWANGAN,LG,LG-0190,49.73,Y,Full Rental,"170,000.00","130,000.00",21/Feb/2020,10/Jul/2025,11/Jul/2020,10/Jul/2025,21/Feb/2020,CHATIME,CHATIME
546,THE PARK SAWANGAN,LG,LG-0210,177.50,Y,Full Rental,"250,000.00","130,000.00",05/Feb/2020,02/Jul/2025,03/Jul/2020,02/Jul/2025,05/Feb/2020,SOLARIA,SOLARIA
547,THE PARK SAWANGAN,LG,LG-0220,35.00,Y,Full Rental,"250,000.00","130,000.00",05/Feb/2020,02/Jul/2025,03/Jul/2020,02/Jul/2025,05/Feb/2020,SOLARIA,SOLARIA
548,THE PARK SAWANGAN,LG,LG-0230,164.00,Y,,0.00,0.00,,,,,,,
549,THE PARK SAWANGAN,LG,LG-0240,23.00,Y,,0.00,0.00,,,,,,,
550,THE PARK SAWANGAN,LG,LG-0250,155.51,Y,Full Rental,"225,000.00","130,000.00",31/Jan/2020,08/Jul/2025,09/Jul/2020,08/Jul/2025,31/Jan/2020,BAKSO LAPANGAN TEMBAK SENAYAN,BAKSO LAPANGAN TEMBAK SENAYAN
551,THE PARK SAWANGAN,LG,LG-0260,29.00,Y,Full Rental,"225,000.00","130,000.00",31/Jan/2020,08/Jul/2025,09/Jul/2020,08/Jul/2025,31/Jan/2020,BAKSO LAPANGAN TEMBAK SENAYAN,BAKSO LAPANGAN TEMBAK SENAYAN
552,THE PARK SAWANGAN,LG,LG-0270,98.40,Y,Full Rental,"200,000.00","130,000.00",20/Feb/2020,20/Aug/2025,21/Aug/2020,20/Aug/2025,20/Feb/2020,SALON CHRISTOPER,SALON CHRISTOPER
553,THE PARK SAWANGAN,LG,LG-0290,19.01,Y,Full Rental,"350,000.00","130,000.00",18/Feb/2020,17/Aug/2023,18/Aug/2020,17/Aug/2023,18/Feb/2020,DUM - DUM,DUM - DUM 
554,THE PARK SAWANGAN,LG,LG-0295,22.03,Y,Full Rental,"250,000.00","130,000.00",19/Feb/2020,15/Jul/2025,16/Jul/2020,15/Jul/2025,19/Feb/2020,OLD CHANG KEE,OLD CHANG KEE
555,THE PARK SAWANGAN,LG,LG-0300,25.00,Y,Full Rental,"260,000.00","21,666.67",26/Aug/2020,25/Sep/2022,26/Sep/2020,25/Sep/2022,26/Aug/2020,KOPI TUYA,KOPI TUYA
556,THE PARK SAWANGAN,LG,LG-0305,28.40,Y,Full Rental,"300,000.00","130,000.00",04/Feb/2020,02/Jul/2025,03/Jul/2020,02/Jul/2025,04/Feb/2020,KOPI KENANGAN,KOPI KENANGAN
557,THE PARK SAWANGAN,LG,LG-0310,28.81,Y,Full Rental,"275,000.00",0.00,22/Jan/2020,31/Jul/2036,01/Aug/2020,31/Jul/2023,22/Jan/2020,SHIHLIN,SHIHLIN
558,THE PARK SAWANGAN,LG,LG-0315,25.36,Y,Full Rental,"275,000.00","130,000.00",22/Jan/2020,09/Jul/2023,10/Jul/2020,09/Jul/2023,22/Jan/2020,HOUSE OF TOWEL,HOUSE OF TOWEL
559,THE PARK SAWANGAN,LG,LG-0330,32.00,Y,Full Rental,"50,000.00",0.00,27/Feb/2020,31/Aug/2025,01/Sep/2020,31/Aug/2025,27/Feb/2020,GUDANG AW RESTAURANT,GUDANG AW RESTAURANT
560,THE PARK SAWANGAN,LG,LG-0340,15.00,Y,Full Rental,"121,212.12",0.00,19/Mar/2020,15/Jul/2025,16/Jul/2020,15/Jul/2025,19/Mar/2020,GUDANG BURGER KING,GUDANG BURGER KING 
561,THE PARK SAWANGAN,LG,LG-0350,16.00,Y,,0.00,0.00,,,,,,,
562,THE PARK SAWANGAN,LG,LG-0355,16.00,Y,,0.00,0.00,,,,,,,
563,THE PARK SAWANGAN,LG,LG-0360,68.00,Y,Full Rental,"350,000.00","130,000.00",29/Feb/2020,02/Jul/2022,03/Jul/2020,02/Jul/2022,29/Feb/2020,MARKETING GALLERY GARDENS,MARKETING GALLERY GARDENS
564,THE PARK SAWANGAN,LG,LG-0430,16.00,Y,Full Rental,"500,000.00","130,000.00",19/Feb/2020,15/Jul/2023,16/Jul/2020,15/Jul/2023,19/Feb/2020,POTATO CORNER,POTATO CORNER
565,THE PARK SAWANGAN,LG,LG-0440,15.00,Y,Full Rental,"500,000.00","130,000.00",05/Mar/2020,15/Jul/2023,16/Jul/2020,15/Jul/2023,05/Mar/2020,PUYO DESSERT,PUYO DESSERT
566,THE PARK SAWANGAN,LG,LG-0450,15.00,Y,Full Rental,"650,000.00","69,333.33",01/Sep/2020,14/Feb/2021,15/Sep/2020,14/Feb/2021,01/Sep/2020,SELVY GUAVA,SELVY GUAVA
567,THE PARK SAWANGAN,LG,LG-0460,16.00,Y,Full Rental,"500,000.00","130,000.00",12/Mar/2020,15/Jul/2023,16/Jul/2020,15/Jul/2023,12/Mar/2020,ROTI O,ROTI O
568,THE PARK SAWANGAN,LG,LG-BAM01,14.04,N,,0.00,0.00,,,,,,,
569,THE PARK SAWANGAN,LG,LG-BAM02,14.10,N,,0.00,0.00,,,,,,,
570,THE PARK SAWANGAN,LG,LG-BAM03,11.89,N,,0.00,0.00,,,,,,,
571,THE PARK SAWANGAN,LG,LG-BAM04,5.36,N,,0.00,0.00,,,,,,,
572,THE PARK SAWANGAN,LG,LG-BAM05,41.09,N,,0.00,0.00,,,,,,,
573,THE PARK SAWANGAN,LG,LG-BAM06,52.34,N,,0.00,0.00,,,,,,,
574,THE PARK SAWANGAN,LG,LG-BAM07,10.36,N,,0.00,0.00,,,,,,,
575,THE PARK SAWANGAN,LG,LG-BAM08,10.35,N,,0.00,0.00,,,,,,,
576,THE PARK SAWANGAN,LG,LG-BIN01,35.26,N,,0.00,0.00,,,,,,,
577,THE PARK SAWANGAN,LG,LG-BOH01,305.21,N,,0.00,0.00,,,,,,,
578,THE PARK SAWANGAN,LG,LG-BOH02,12.39,N,,0.00,0.00,,,,,,,
579,THE PARK SAWANGAN,LG,LG-BOH03,19.51,N,,0.00,0.00,,,,,,,
580,THE PARK SAWANGAN,LG,LG-BOH04,22.80,N,,0.00,0.00,,,,,,,
581,THE PARK SAWANGAN,LG,LG-BOH05,39.04,N,,0.00,0.00,,,,,,,
582,THE PARK SAWANGAN,LG,LG-BOH06,1.76,N,,0.00,0.00,,,,,,,
583,THE PARK SAWANGAN,LG,LG-BOH07,15.63,N,,0.00,0.00,,,,,,,
584,THE PARK SAWANGAN,LG,LG-BOH08,8.67,N,,0.00,0.00,,,,,,,
585,THE PARK SAWANGAN,LG,LG-BOH09,23.27,N,,0.00,0.00,,,,,,,
586,THE PARK SAWANGAN,LG,LG-BOH10,21.09,N,,0.00,0.00,,,,,,,
587,THE PARK SAWANGAN,LG,LG-BOH11,25.60,N,,0.00,0.00,,,,,,,
588,THE PARK SAWANGAN,LG,LG-BOH12,141.03,N,,0.00,0.00,,,,,,,
589,THE PARK SAWANGAN,LG,LG-BOH13,62.79,N,,0.00,0.00,,,,,,,
590,THE PARK SAWANGAN,LG,LG-COM01,"2,066.41",N,,0.00,0.00,,,,,,,
591,THE PARK SAWANGAN,LG,LG-CVT01,55.48,N,,0.00,0.00,,,,,,,
592,THE PARK SAWANGAN,LG,LG-CVT02,34.34,N,,0.00,0.00,,,,,,,
593,THE PARK SAWANGAN,LG,LG-CVT03,7.71,N,,0.00,0.00,,,,,,,
594,THE PARK SAWANGAN,LG,LG-CVT04,62.06,N,,0.00,0.00,,,,,,,
595,THE PARK SAWANGAN,LG,LG-CVT05,34.34,N,,0.00,0.00,,,,,,,
596,THE PARK SAWANGAN,LG,LG-CVT06,7.46,N,,0.00,0.00,,,,,,,
597,THE PARK SAWANGAN,LG,LG-CVT07,55.48,N,,0.00,0.00,,,,,,,
598,THE PARK SAWANGAN,LG,LG-CVT08,9.50,N,,0.00,0.00,,,,,,,
599,THE PARK SAWANGAN,LG,LG-CVT09,9.50,N,,0.00,0.00,,,,,,,
600,THE PARK SAWANGAN,LG,LG-CVT10,10.31,N,,0.00,0.00,,,,,,,
601,THE PARK SAWANGAN,LG,LG-CVT11,10.31,N,,0.00,0.00,,,,,,,
602,THE PARK SAWANGAN,LG,LG-GRS01,112.97,N,,0.00,0.00,,,,,,,
603,THE PARK SAWANGAN,LG,LG-ICT01,10.66,N,,0.00,0.00,,,,,,,
604,THE PARK SAWANGAN,LG,LG-ICT02,4.78,N,,0.00,0.00,,,,,,,
605,THE PARK SAWANGAN,LG,LG-MEP01,25.57,N,,0.00,0.00,,,,,,,
606,THE PARK SAWANGAN,LG,LG-MEP02,0.00,N,,0.00,0.00,,,,,,,
607,THE PARK SAWANGAN,LG,LG-MEP03,27.90,N,,0.00,0.00,,,,,,,
608,THE PARK SAWANGAN,LG,LG-MEP04,2.54,N,,0.00,0.00,,,,,,,
609,THE PARK SAWANGAN,LG,LG-MEP05,12.82,N,,0.00,0.00,,,,,,,
610,THE PARK SAWANGAN,LG,LG-MEP06,43.16,N,,0.00,0.00,,,,,,,
611,THE PARK SAWANGAN,LG,LG-MEP07,17.20,N,,0.00,0.00,,,,,,,
612,THE PARK SAWANGAN,LG,LG-MEP08,32.90,N,,0.00,0.00,,,,,,,
613,THE PARK SAWANGAN,LG,LG-MEP09,34.46,N,,0.00,0.00,,,,,,,
614,THE PARK SAWANGAN,LG,LG-MEP10,0.00,N,,0.00,0.00,,,,,,,
615,THE PARK SAWANGAN,LG,LG-MEP11,4.18,N,,0.00,0.00,,,,,,,
616,THE PARK SAWANGAN,LG,LG-MEP12,44.00,N,,0.00,0.00,,,,,,,
617,THE PARK SAWANGAN,LG,LG-MEP13,1.57,N,,0.00,0.00,,,,,,,
618,THE PARK SAWANGAN,LG,LG-OBA01,12.16,N,,0.00,0.00,,,,,,,
619,THE PARK SAWANGAN,LG,LG-OBH01,7.92,N,,0.00,0.00,,,,,,,
620,THE PARK SAWANGAN,LG,LG-OBH02,22.74,N,,0.00,0.00,,,,,,,
621,THE PARK SAWANGAN,LG,LG-OBH03,22.97,N,,0.00,0.00,,,,,,,
622,THE PARK SAWANGAN,LG,LG-OBH04,14.79,N,,0.00,0.00,,,,,,,
623,THE PARK SAWANGAN,LG,LG-OBH05,27.30,N,,0.00,0.00,,,,,,,
624,THE PARK SAWANGAN,LG,LG-OBH06,19.25,N,,0.00,0.00,,,,,,,
625,THE PARK SAWANGAN,LG,LG-OBH07,22.76,N,,0.00,0.00,,,,,,,
626,THE PARK SAWANGAN,LG,LG-OME01,24.37,N,,0.00,0.00,,,,,,,
627,THE PARK SAWANGAN,LG,LG-OME02,22.40,N,,0.00,0.00,,,,,,,
628,THE PARK SAWANGAN,LG,LG-PKG01,"10,555.37",N,,0.00,0.00,,,,,,,
629,THE PARK SAWANGAN,LGM,LGM-0010,365.39,Y,Full Rental,"33,000.00","22,400.00",02/Oct/2019,02/Sep/2030,03/Sep/2020,02/Sep/2030,02/Oct/2019,LULU ,LULU
630,THE PARK SAWANGAN,LGM,LGM-BAM01,94.54,N,,0.00,0.00,,,,,,,
631,THE PARK SAWANGAN,LGM,LGM-BAM02,31.26,N,,0.00,0.00,,,,,,,
632,THE PARK SAWANGAN,LGM,LGM-BAM03,29.63,N,,0.00,0.00,,,,,,,
633,THE PARK SAWANGAN,LGM,LGM-BAM04,37.18,N,,0.00,0.00,,,,,,,
634,THE PARK SAWANGAN,LGM,LGM-BAM05,96.03,N,,0.00,0.00,,,,,,,
635,THE PARK SAWANGAN,LGM,LGM-BAM06,47.59,N,,0.00,0.00,,,,,,,
636,THE PARK SAWANGAN,LGM,LGM-BAM07,176.04,N,,0.00,0.00,,,,,,,
637,THE PARK SAWANGAN,LGM,LGM-BIN01,208.08,N,,0.00,0.00,,,,,,,
638,THE PARK SAWANGAN,LGM,LGM-BIN02,81.05,N,,0.00,0.00,,,,,,,
639,THE PARK SAWANGAN,LGM,LGM-BOH01,19.97,N,,0.00,0.00,,,,,,,
640,THE PARK SAWANGAN,LGM,LGM-BOH02,1.54,N,,0.00,0.00,,,,,,,
641,THE PARK SAWANGAN,LGM,LGM-BOH03,1.54,N,,0.00,0.00,,,,,,,
642,THE PARK SAWANGAN,LGM,LGM-BOH04,8.29,N,,0.00,0.00,,,,,,,
643,THE PARK SAWANGAN,LGM,LGM-BOH05,19.48,N,,0.00,0.00,,,,,,,
644,THE PARK SAWANGAN,LGM,LGM-BOH06,365.39,N,,0.00,0.00,,,,,,,
645,THE PARK SAWANGAN,LGM,LGM-COM01,665.52,N,,0.00,0.00,,,,,,,
646,THE PARK SAWANGAN,LGM,LGM-CVT01,34.81,N,,0.00,0.00,,,,,,,
647,THE PARK SAWANGAN,LGM,LGM-CVT02,7.67,N,,0.00,0.00,,,,,,,
648,THE PARK SAWANGAN,LGM,LGM-CVT03,7.63,N,,0.00,0.00,,,,,,,
649,THE PARK SAWANGAN,LGM,LGM-CVT04,35.22,N,,0.00,0.00,,,,,,,
650,THE PARK SAWANGAN,LGM,LGM-ICT01,30.44,N,,0.00,0.00,,,,,,,
651,THE PARK SAWANGAN,LGM,LGM-ICT02,3.97,N,,0.00,0.00,,,,,,,
652,THE PARK SAWANGAN,LGM,LGM-MEP01,24.36,N,,0.00,0.00,,,,,,,
653,THE PARK SAWANGAN,LGM,LGM-MEP02,0.00,N,,0.00,0.00,,,,,,,
654,THE PARK SAWANGAN,LGM,LGM-MEP03,18.99,N,,0.00,0.00,,,,,,,
655,THE PARK SAWANGAN,LGM,LGM-MEP04,15.91,N,,0.00,0.00,,,,,,,
656,THE PARK SAWANGAN,LGM,LGM-MEP05,0.00,N,,0.00,0.00,,,,,,,
657,THE PARK SAWANGAN,LGM,LGM-OBA01,11.74,N,,0.00,0.00,,,,,,,
658,THE PARK SAWANGAN,LGM,LGM-OBH01,8.00,N,,0.00,0.00,,,,,,,
659,THE PARK SAWANGAN,LGM,LGM-OBH02,22.66,N,,0.00,0.00,,,,,,,
660,THE PARK SAWANGAN,LGM,LGM-OBH03,22.74,N,,0.00,0.00,,,,,,,
661,THE PARK SAWANGAN,LGM,LGM-OBH04,14.60,N,,0.00,0.00,,,,,,,
662,THE PARK SAWANGAN,LGM,LGM-OBH05,22.81,N,,0.00,0.00,,,,,,,
663,THE PARK SAWANGAN,LGM,LGM-OBH06,11.40,N,,0.00,0.00,,,,,,,
664,THE PARK SAWANGAN,LGM,LGM-OBH07,26.47,N,,0.00,0.00,,,,,,,
665,THE PARK SAWANGAN,LGM,LGM-PKG01,"7,117.40",N,,0.00,0.00,,,,,,,
666,THE PARK SAWANGAN,LGM,LGM-ROD01,97.59,N,,0.00,0.00,,,,,,,
667,THE PARK SAWANGAN,G,G-0010,"3,213.92",Y,Full Rental,0.00,"30,000.00",10/Dec/2019,15/Jul/2031,16/Jul/2020,15/Jul/2031,10/Dec/2019,MATAHARI DEPARTMENT STORE,MATAHARI DEPARTMENT STORE
668,THE PARK SAWANGAN,G,G-0020,88.30,Y,Full Rental,"275,000.00","130,000.00",13/Feb/2020,15/Jul/2025,16/Jul/2020,15/Jul/2025,13/Feb/2020,BERRYBENKA,BERRYBENKA
669,THE PARK SAWANGAN,G,G-0030,81.05,Y,Full Rental,"250,000.00","130,000.00",19/Feb/2020,05/Jul/2025,06/Jul/2020,05/Jul/2025,19/Feb/2020,THE BODY SHOP,THE BODY SHOP
670,THE PARK SAWANGAN,G,G-0040,38.60,Y,Full Rental,"315,000.00","130,000.00",10/Feb/2020,15/Jul/2025,16/Jul/2020,15/Jul/2025,10/Feb/2020,C&F PERFUMERY,C & F PERFUMERY
671,THE PARK SAWANGAN,G,G-0050,"1,772.76",Y,Revenue Share,0.00,0.00,25/Oct/2019,15/Jul/2040,16/Jul/2020,15/Jul/2040,25/Oct/2019,H&M,H&M
672,THE PARK SAWANGAN,G,G-0060,128.00,Y,Full Rental,"185,000.00","130,000.00",26/Feb/2020,15/Jul/2030,16/Jul/2020,15/Jul/2030,26/Feb/2020,JCO DONUTS & COFFEE,JCO DONUTS & COFFEE
673,THE PARK SAWANGAN,G,G-0065,74.00,Y,Full Rental,0.00,0.00,26/Feb/2020,15/Jul/2030,16/Jul/2020,15/Jul/2030,26/Feb/2020,JCO DONUTS & COFFEE,JCO DONUTS & COFFEE
674,THE PARK SAWANGAN,G,G-0070,77.00,Y,Full Rental,"185,000.00","130,000.00",26/Feb/2020,15/Jul/2030,16/Jul/2020,15/Jul/2030,26/Feb/2020,BREADTALK,BREADTALK
675,THE PARK SAWANGAN,G,G-0080,134.00,Y,Full Rental,"180,000.00",0.00,11/Mar/2020,26/Mar/2025,27/Mar/2020,26/Mar/2025,11/Mar/2020,STARBUCKS,STARBUCKS
676,THE PARK SAWANGAN,G,G-0090,42.00,Y,Full Rental,"90,000.00",0.00,11/Mar/2020,15/Jul/2025,16/Jul/2020,15/Jul/2025,11/Mar/2020,STARBUCKS,STARBUCKS
677,THE PARK SAWANGAN,G,G-0100,186.27,Y,Full Rental,"180,000.00","130,000.00",09/Mar/2020,14/Aug/2025,15/Aug/2020,14/Aug/2025,09/Mar/2020,SKECHERS,SKECHERS
678,THE PARK SAWANGAN,G,G-0120,17.00,Y,Full Rental,"600,000.00","130,000.00",26/Feb/2020,15/Jul/2025,16/Jul/2020,15/Jul/2025,26/Feb/2020,WATCH CLUB,WATCH CLUB
679,THE PARK SAWANGAN,G,G-0130,107.00,Y,Full Rental,"300,000.00","130,000.00",12/Mar/2020,15/Jul/2025,16/Jul/2020,15/Jul/2025,12/Mar/2020,LEVI'S,LEVI'S
680,THE PARK SAWANGAN,G,G-0150,122.66,Y,Full Rental,"300,000.00","130,000.00",20/Feb/2020,15/Jul/2025,16/Jul/2020,15/Jul/2025,20/Feb/2020,GIORDANO,GIORDANO
681,THE PARK SAWANGAN,G,G-0170,252.08,Y,Full Rental,"200,000.00","130,000.00",27/Jan/2020,02/Jul/2025,03/Jul/2020,02/Jul/2025,27/Jan/2020,MARUGAME,MARUGAME UDON
682,THE PARK SAWANGAN,G,G-0210,256.12,Y,Full Rental,"200,000.00","130,000.00",30/Jan/2020,15/Jul/2025,16/Jul/2020,15/Jul/2025,30/Jan/2020,PIZZA HUT,PIZZA HUT
683,THE PARK SAWANGAN,G,G-0250,83.00,Y,,0.00,0.00,,,,,,,
684,THE PARK SAWANGAN,G,G-0260,18.00,Y,,0.00,0.00,,,,,,,
685,THE PARK SAWANGAN,G,G-0270,19.00,Y,,0.00,0.00,,,,,,,
686,THE PARK SAWANGAN,G,G-0280,127.00,Y,Full Rental,"220,000.00",0.00,30/Aug/2020,29/Aug/2025,30/Aug/2020,29/Aug/2025,30/Aug/2020,TOKYO BELLY & THE DJOURNAL'S,TOKYO BELLY & THE DJOURNAL'S
687,THE PARK SAWANGAN,G,G-0290,22.00,Y,Full Rental,"220,000.00",0.00,30/Aug/2020,29/Aug/2025,30/Aug/2020,29/Aug/2025,30/Aug/2020,TOKYO BELLY & THE DJOURNAL'S,TOKYO BELLY & THE DJOURNAL'S
688,THE PARK SAWANGAN,G,G-0300,46.00,Y,Full Rental,"110,000.00",0.00,30/Aug/2020,29/Aug/2025,30/Aug/2020,29/Aug/2025,30/Aug/2020,TOKYO BELLY & THE DJOURNAL'S,TOKYO BELLY & THE DJOURNAL'S
689,THE PARK SAWANGAN,G,G-0310,136.07,Y,Full Rental,"180,000.00","130,000.00",30/Jan/2020,05/Aug/2025,06/Aug/2020,05/Aug/2025,30/Jan/2020,DAPUR SOLO,DAPUR SOLO
690,THE PARK SAWANGAN,G,G-0320,21.00,Y,Full Rental,"180,000.00","130,000.00",30/Jan/2020,05/Aug/2025,06/Aug/2020,05/Aug/2025,30/Jan/2020,DAPUR SOLO,DAPUR SOLO
691,THE PARK SAWANGAN,G,G-0330,49.00,Y,Full Rental,0.00,"65,000.00",30/Jan/2020,05/Aug/2025,06/Aug/2020,05/Aug/2025,30/Jan/2020,DAPUR SOLO,DAPUR SOLO
692,THE PARK SAWANGAN,G,G-0340,149.54,Y,Full Rental,"180,000.00","130,000.00",30/Jan/2020,05/Aug/2025,06/Aug/2020,05/Aug/2025,30/Jan/2020,ICHIBAN SUSHI,ICHIBAN SUSHI
693,THE PARK SAWANGAN,G,G-0350,21.00,Y,Full Rental,"180,000.00","130,000.00",30/Jan/2020,05/Aug/2025,06/Aug/2020,05/Aug/2025,30/Jan/2020,ICHIBAN SUSHI,ICHIBAN SUSHI
694,THE PARK SAWANGAN,G,G-0360,58.00,Y,Full Rental,0.00,"65,000.00",30/Jan/2020,05/Aug/2025,06/Aug/2020,05/Aug/2025,30/Jan/2020,ICHIBAN SUSHI,ICHIBAN SUSHI
695,THE PARK SAWANGAN,G,G-0370,147.52,Y,Full Rental,"150,000.00",0.00,04/Feb/2020,31/Aug/2025,01/Sep/2020,31/Aug/2025,04/Feb/2020,BURGER KING,BURGER KING
696,THE PARK SAWANGAN,G,G-0380,30.00,Y,Full Rental,"150,000.00",0.00,04/Feb/2020,31/Aug/2025,01/Sep/2020,31/Aug/2025,04/Feb/2020,BURGER KING,BURGER KING
697,THE PARK SAWANGAN,G,G-0390,46.15,Y,Full Rental,"75,000.00",0.00,04/Feb/2020,31/Aug/2025,01/Sep/2020,31/Aug/2025,04/Feb/2020,BURGER KING,BURGER KING
698,THE PARK SAWANGAN,G,G-0400,90.49,Y,Full Rental,"300,000.00","130,000.00",29/Jan/2020,02/Jul/2025,03/Jul/2020,02/Jul/2025,29/Jan/2020,SAMSUNG,SAMSUNG
699,THE PARK SAWANGAN,G,G-0420,93.00,Y,Full Rental,"300,000.00","130,000.00",24/Jan/2020,15/Jul/2025,16/Jul/2020,15/Jul/2025,24/Jan/2020,THE PALACE,THE PALACE
700,THE PARK SAWANGAN,G,G-0430,90.00,Y,Full Rental,"300,000.00","130,000.00",20/Feb/2020,15/Jul/2025,16/Jul/2020,15/Jul/2025,20/Feb/2020,OPTIK TUNGGAL,OPTIK TUNGGAL
701,THE PARK SAWANGAN,G,G-0440,83.14,Y,Full Rental,"300,000.00","130,000.00",19/Feb/2020,15/Jul/2025,16/Jul/2020,15/Jul/2025,19/Feb/2020,OPTIK MELAWAI,OPTIK MELAWAI
702,THE PARK SAWANGAN,G,G-0450,1.00,Y,,0.00,0.00,,,,,,,
703,THE PARK SAWANGAN,G,G-0460,1.00,Y,,0.00,0.00,,,,,,,
704,THE PARK SAWANGAN,G,G-0470,1.00,Y,,0.00,0.00,,,,,,,
705,THE PARK SAWANGAN,G,G-0480,1.00,Y,,0.00,0.00,,,,,,,
706,THE PARK SAWANGAN,G,G-0490,1.00,Y,,0.00,0.00,,,,,,,
707,THE PARK SAWANGAN,G,G-0500,1.00,Y,,0.00,0.00,,,,,,,
708,THE PARK SAWANGAN,G,G-0510,1.00,Y,,0.00,0.00,,,,,,,
709,THE PARK SAWANGAN,G,G-0520,0.00,Y,Full Rental,0.00,0.00,30/Aug/2020,29/Aug/2025,30/Aug/2020,29/Aug/2025,30/Aug/2020,TOKYO BELLY & THE DJOURNAL'S,TOKYO BELLY & THE DJOURNAL'S
710,THE PARK SAWANGAN,G,G-BAM01,34.33,N,,0.00,0.00,,,,,,,
711,THE PARK SAWANGAN,G,G-BAM02,4.87,N,,0.00,0.00,,,,,,,
712,THE PARK SAWANGAN,G,G-BAM03,26.51,N,,0.00,0.00,,,,,,,
713,THE PARK SAWANGAN,G,G-BAM04,11.74,N,,0.00,0.00,,,,,,,
714,THE PARK SAWANGAN,G,G-BAM05,38.13,N,,0.00,0.00,,,,,,,
715,THE PARK SAWANGAN,G,G-BAM06,49.24,N,,0.00,0.00,,,,,,,
716,THE PARK SAWANGAN,G,G-BAM07,5.31,N,,0.00,0.00,,,,,,,
717,THE PARK SAWANGAN,G,G-BAM08,8.16,N,,0.00,0.00,,,,,,,
718,THE PARK SAWANGAN,G,G-BAM09,10.11,N,,0.00,0.00,,,,,,,
719,THE PARK SAWANGAN,G,G-BIN01,372.06,N,,0.00,0.00,,,,,,,
720,THE PARK SAWANGAN,G,G-BIN02,17.14,N,,0.00,0.00,,,,,,,
721,THE PARK SAWANGAN,G,G-BOH01,0.00,N,,0.00,0.00,,,,,,,
722,THE PARK SAWANGAN,G,G-BOH02,3.03,N,,0.00,0.00,,,,,,,
723,THE PARK SAWANGAN,G,G-BOH03,17.53,N,,0.00,0.00,,,,,,,
724,THE PARK SAWANGAN,G,G-BOH04,20.88,N,,0.00,0.00,,,,,,,
725,THE PARK SAWANGAN,G,G-BOH05,5.09,N,,0.00,0.00,,,,,,,
726,THE PARK SAWANGAN,G,G-BOH06,49.51,N,,0.00,0.00,,,,,,,
727,THE PARK SAWANGAN,G,G-BOH07,1.10,N,,0.00,0.00,,,,,,,
728,THE PARK SAWANGAN,G,G-BOH08,16.61,N,,0.00,0.00,,,,,,,
729,THE PARK SAWANGAN,G,G-BOH09,4.64,N,,0.00,0.00,,,,,,,
730,THE PARK SAWANGAN,G,G-BOH10,48.48,N,,0.00,0.00,,,,,,,
731,THE PARK SAWANGAN,G,G-BOH11,53.32,N,,0.00,0.00,,,,,,,
732,THE PARK SAWANGAN,G,G-BOH12,25.41,N,,0.00,0.00,,,,,,,
733,THE PARK SAWANGAN,G,G-BOH13,41.05,N,,0.00,0.00,,,,,,,
734,THE PARK SAWANGAN,G,G-BOH14,142.72,N,,0.00,0.00,,,,,,,
735,THE PARK SAWANGAN,G,G-BOH15,36.23,N,,0.00,0.00,,,,,,,
736,THE PARK SAWANGAN,G,G-BOH16,53.29,N,,0.00,0.00,,,,,,,
737,THE PARK SAWANGAN,G,G-COM01,"3,449.30",N,,0.00,0.00,,,,,,,
738,THE PARK SAWANGAN,G,G-COM02,0.00,N,,0.00,0.00,,,,,,,
739,THE PARK SAWANGAN,G,G-CVT01,47.71,N,,0.00,0.00,,,,,,,
740,THE PARK SAWANGAN,G,G-CVT02,7.71,N,,0.00,0.00,,,,,,,
741,THE PARK SAWANGAN,G,G-CVT03,47.71,N,,0.00,0.00,,,,,,,
742,THE PARK SAWANGAN,G,G-CVT04,7.35,N,,0.00,0.00,,,,,,,
743,THE PARK SAWANGAN,G,G-CVT05,46.15,N,,0.00,0.00,,,,,,,
744,THE PARK SAWANGAN,G,G-CVT06,9.45,N,,0.00,0.00,,,,,,,
745,THE PARK SAWANGAN,G,G-CVT07,9.49,N,,0.00,0.00,,,,,,,
746,THE PARK SAWANGAN,G,G-CVT08,8.66,N,,0.00,0.00,,,,,,,
747,THE PARK SAWANGAN,G,G-CVT09,10.31,N,,0.00,0.00,,,,,,,
748,THE PARK SAWANGAN,G,G-CVT10,12.02,N,,0.00,0.00,,,,,,,
749,THE PARK SAWANGAN,G,G-CVT11,47.26,N,,0.00,0.00,,,,,,,
750,THE PARK SAWANGAN,G,G-CVT12,9.71,N,,0.00,0.00,,,,,,,
751,THE PARK SAWANGAN,G,G-GRS01,"4,483.37",N,,0.00,0.00,,,,,,,
752,THE PARK SAWANGAN,G,G-ICT01,11.19,N,,0.00,0.00,,,,,,,
753,THE PARK SAWANGAN,G,G-ICT02,3.16,N,,0.00,0.00,,,,,,,
754,THE PARK SAWANGAN,G,G-MEP01,41.27,N,,0.00,0.00,,,,,,,
755,THE PARK SAWANGAN,G,G-MEP02,9.88,N,,0.00,0.00,,,,,,,
756,THE PARK SAWANGAN,G,G-MEP03,2.49,N,,0.00,0.00,,,,,,,
757,THE PARK SAWANGAN,G,G-MEP04,2.10,N,,0.00,0.00,,,,,,,
758,THE PARK SAWANGAN,G,G-MEP05,30.97,N,,0.00,0.00,,,,,,,
759,THE PARK SAWANGAN,G,G-MEP06,37.79,N,,0.00,0.00,,,,,,,
760,THE PARK SAWANGAN,G,G-MEP07,0.00,N,,0.00,0.00,,,,,,,
761,THE PARK SAWANGAN,G,G-MEP08,28.88,N,,0.00,0.00,,,,,,,
762,THE PARK SAWANGAN,G,G-MEP09,14.62,N,,0.00,0.00,,,,,,,
763,THE PARK SAWANGAN,G,G-MEP10,12.26,N,,0.00,0.00,,,,,,,
764,THE PARK SAWANGAN,G,G-MEP11,29.04,N,,0.00,0.00,,,,,,,
765,THE PARK SAWANGAN,G,G-MEP12,4.30,N,,0.00,0.00,,,,,,,
766,THE PARK SAWANGAN,G,G-MEP13,40.26,N,,0.00,0.00,,,,,,,
767,THE PARK SAWANGAN,G,G-OBH01,1.76,N,,0.00,0.00,,,,,,,
768,THE PARK SAWANGAN,G,G-OBH02,2.64,N,,0.00,0.00,,,,,,,
769,THE PARK SAWANGAN,G,G-OBH03,26.63,N,,0.00,0.00,,,,,,,
770,THE PARK SAWANGAN,G,G-OBH04,35.90,N,,0.00,0.00,,,,,,,
771,THE PARK SAWANGAN,G,G-OBH05,24.26,N,,0.00,0.00,,,,,,,
772,THE PARK SAWANGAN,G,G-OBH06,38.89,N,,0.00,0.00,,,,,,,
773,THE PARK SAWANGAN,G,G-OBH07,42.45,N,,0.00,0.00,,,,,,,
774,THE PARK SAWANGAN,G,G-OBH08,47.87,N,,0.00,0.00,,,,,,,
775,THE PARK SAWANGAN,G,G-OBH09,31.25,N,,0.00,0.00,,,,,,,
776,THE PARK SAWANGAN,G,G-OBH10,24.42,N,,0.00,0.00,,,,,,,
777,THE PARK SAWANGAN,G,G-OBH11,1.65,N,,0.00,0.00,,,,,,,
778,THE PARK SAWANGAN,G,G-ROD01,"8,336.04",N,,0.00,0.00,,,,,,,
779,THE PARK SAWANGAN,1,1-0010,"2,735.21",Y,Full Rental,0.00,"30,000.00",10/Dec/2019,15/Jul/2031,16/Jul/2020,15/Jul/2031,10/Dec/2019,MATAHARI DEPARTMENT STORE,MATAHARI DEPARTMENT STORE
780,THE PARK SAWANGAN,1,1-0020,56.00,Y,Full Rental,"275,000.00","130,000.00",26/Feb/2020,15/Jul/2025,16/Jul/2020,15/Jul/2025,26/Feb/2020,TIWIE,TIWIE
781,THE PARK SAWANGAN,1,1-0040,"2,359.72",Y,Revenue Share,0.00,0.00,28/Nov/2019,02/Jul/2027,03/Jul/2020,02/Jul/2027,28/Nov/2019,UNIQLO,UNIQLO
782,THE PARK SAWANGAN,1,1-0050,403.96,Y,Full Rental,"130,000.00","100,000.00",17/Feb/2020,14/Aug/2025,15/Aug/2020,14/Aug/2025,17/Feb/2020,SPORTS STATION,SPORTS STATION
783,THE PARK SAWANGAN,1,1-0080,123.00,Y,Full Rental,"275,000.00","130,000.00",20/Feb/2020,15/Jul/2025,16/Jul/2020,15/Jul/2025,20/Feb/2020,SEPATU BATA,SEPATU BATA
784,THE PARK SAWANGAN,1,1-0085,97.81,Y,Full Rental,"175,000.00","130,000.00",30/Jan/2020,02/Jul/2025,03/Jul/2020,02/Jul/2025,30/Jan/2020,BATIK KERIS,BATIK KERIS
785,THE PARK SAWANGAN,1,1-0090,0.00,Y,,0.00,0.00,,,,,,,
786,THE PARK SAWANGAN,1,1-0100,13.00,Y,,0.00,0.00,,,,,,,
787,THE PARK SAWANGAN,1,1-0110,71.00,Y,Full Rental,"250,000.00","130,000.00",28/Feb/2020,15/Jul/2023,16/Jul/2020,15/Jul/2023,28/Feb/2020,NYS.CO,NYS.CO
788,THE PARK SAWANGAN,1,1-0120,336.80,Y,Full Rental,"210,000.00","117,000.00",25/Feb/2020,03/Sep/2025,04/Sep/2020,03/Sep/2025,25/Feb/2020,THE EXECUTIVE & WRANGLER,"THE EXECUTIVE, COLORBOX & WRANGLER"
789,THE PARK SAWANGAN,1,1-0160,168.00,Y,Full Rental,"275,000.00","130,000.00",03/Mar/2020,15/Jul/2023,16/Jul/2020,15/Jul/2023,03/Mar/2020,URBAN & CO,URBAN & CO
790,THE PARK SAWANGAN,1,1-0170,0.00,Y,,0.00,0.00,,,,,,,
791,THE PARK SAWANGAN,1,1-0180,167.02,Y,Full Rental,"200,000.00","130,000.00",10/Feb/2020,15/Jul/2025,16/Jul/2020,15/Jul/2025,10/Feb/2020,PANDAN KURING,PANDAN KURING
792,THE PARK SAWANGAN,1,1-0190,38.71,Y,Full Rental,"100,000.00","65,000.00",10/Feb/2020,15/Jul/2025,16/Jul/2020,15/Jul/2025,10/Feb/2020,PANDAN KURING,PANDAN KURING
793,THE PARK SAWANGAN,1,1-0200,127.08,Y,Full Rental,"200,000.00","130,000.00",26/Feb/2020,15/Jul/2025,16/Jul/2020,15/Jul/2025,26/Feb/2020,BAKMITOPIA,BAKMITOPIA
794,THE PARK SAWANGAN,1,1-0210,45.00,Y,Full Rental,"100,000.00","65,000.00",26/Feb/2020,15/Jul/2025,16/Jul/2020,15/Jul/2025,26/Feb/2020,BAKMITOPIA,BAKMITOPIA
795,THE PARK SAWANGAN,1,1-0220,133.00,Y,,0.00,0.00,,,,,,,
796,THE PARK SAWANGAN,1,1-0230,50.00,Y,,0.00,0.00,,,,,,,
797,THE PARK SAWANGAN,1,1-0240,146.70,Y,Full Rental,"185,000.00","130,000.00",30/Jan/2020,13/Aug/2025,14/Aug/2020,13/Aug/2025,30/Jan/2020,GOKANA RAMEN & TEPPAN,GOKANA RAMEN & TEPPAN
798,THE PARK SAWANGAN,1,1-0250,57.40,Y,Full Rental,"92,500.00","65,000.00",30/Jan/2020,13/Aug/2025,14/Aug/2020,13/Aug/2025,30/Jan/2020,GOKANA RAMEN & TEPPAN,GOKANA RAMEN & TEPPAN
799,THE PARK SAWANGAN,1,1-0260,144.42,Y,Full Rental,"185,000.00","130,000.00",30/Jan/2020,13/Aug/2025,14/Aug/2020,13/Aug/2025,30/Jan/2020,RAA CHA SUKI & BBQ,RAA CHA SUKI & BBQ
800,THE PARK SAWANGAN,1,1-0270,46.05,Y,Full Rental,"92,500.00","65,000.00",30/Jan/2020,13/Aug/2025,14/Aug/2020,13/Aug/2025,30/Jan/2020,RAA CHA SUKI & BBQ,RAA CHA SUKI & BBQ
801,THE PARK SAWANGAN,1,1-0280,39.00,Y,Full Rental,"260,000.00","130,000.00",06/Mar/2020,09/Jul/2023,10/Jul/2020,09/Jul/2023,06/Mar/2020,CLEOPATRA - BAG REPUBLIC,CLEOPATRA - BAG REPUBLIC
802,THE PARK SAWANGAN,1,1-0290,67.00,Y,,0.00,0.00,,,,,,,
803,THE PARK SAWANGAN,1,1-0300,97.00,Y,,0.00,0.00,,,,,,,
804,THE PARK SAWANGAN,1,1-0310,90.00,Y,Full Rental,"260,000.00","130,000.00",03/Mar/2020,30/Jul/2025,31/Jul/2020,30/Jul/2025,03/Mar/2020,MANZONE,MANZONE
805,THE PARK SAWANGAN,1,1-0320,83.00,Y,Full Rental,"300,000.00","130,000.00",25/Feb/2020,27/Aug/2025,28/Aug/2020,27/Aug/2025,25/Feb/2020,ISLA,ISLA
806,THE PARK SAWANGAN,1,1-BAM01,23.48,N,,0.00,0.00,,,,,,,
807,THE PARK SAWANGAN,1,1-BAM02,21.73,N,,0.00,0.00,,,,,,,
808,THE PARK SAWANGAN,1,1-BAM03,11.75,N,,0.00,0.00,,,,,,,
809,THE PARK SAWANGAN,1,1-BAM04,38.23,N,,0.00,0.00,,,,,,,
810,THE PARK SAWANGAN,1,1-BAM05,45.00,N,,0.00,0.00,,,,,,,
811,THE PARK SAWANGAN,1,1-BAM06,5.31,N,,0.00,0.00,,,,,,,
812,THE PARK SAWANGAN,1,1-BAM07,8.22,N,,0.00,0.00,,,,,,,
813,THE PARK SAWANGAN,1,1-BAM08,10.31,N,,0.00,0.00,,,,,,,
814,THE PARK SAWANGAN,1,1-BOH01,2.25,N,,0.00,0.00,,,,,,,
815,THE PARK SAWANGAN,1,1-BOH02,20.89,N,,0.00,0.00,,,,,,,
816,THE PARK SAWANGAN,1,1-BOH03,21.86,N,,0.00,0.00,,,,,,,
817,THE PARK SAWANGAN,1,1-BOH04,43.34,N,,0.00,0.00,,,,,,,
818,THE PARK SAWANGAN,1,1-BOH05,2.20,N,,0.00,0.00,,,,,,,
819,THE PARK SAWANGAN,1,1-BOH06,26.08,N,,0.00,0.00,,,,,,,
820,THE PARK SAWANGAN,1,1-BOH07,28.54,N,,0.00,0.00,,,,,,,
821,THE PARK SAWANGAN,1,1-BOH08,31.23,N,,0.00,0.00,,,,,,,
822,THE PARK SAWANGAN,1,1-BOH09,42.07,N,,0.00,0.00,,,,,,,
823,THE PARK SAWANGAN,1,1-BOH10,44.06,N,,0.00,0.00,,,,,,,
824,THE PARK SAWANGAN,1,1-BOH11,12.57,N,,0.00,0.00,,,,,,,
825,THE PARK SAWANGAN,1,1-BOH12,34.09,N,,0.00,0.00,,,,,,,
826,THE PARK SAWANGAN,1,1-BOH13,151.31,N,,0.00,0.00,,,,,,,
827,THE PARK SAWANGAN,1,1-COM01,"1,277.01",N,,0.00,0.00,,,,,,,
828,THE PARK SAWANGAN,1,1-CVT01,47.68,N,,0.00,0.00,,,,,,,
829,THE PARK SAWANGAN,1,1-CVT02,7.70,N,,0.00,0.00,,,,,,,
830,THE PARK SAWANGAN,1,1-CVT03,72.53,N,,0.00,0.00,,,,,,,
831,THE PARK SAWANGAN,1,1-CVT04,8.01,N,,0.00,0.00,,,,,,,
832,THE PARK SAWANGAN,1,1-CVT05,47.68,N,,0.00,0.00,,,,,,,
833,THE PARK SAWANGAN,1,1-CVT06,9.41,N,,0.00,0.00,,,,,,,
834,THE PARK SAWANGAN,1,1-CVT07,9.58,N,,0.00,0.00,,,,,,,
835,THE PARK SAWANGAN,1,1-CVT08,8.68,N,,0.00,0.00,,,,,,,
836,THE PARK SAWANGAN,1,1-CVT09,10.19,N,,0.00,0.00,,,,,,,
837,THE PARK SAWANGAN,1,1-ICT01,10.96,N,,0.00,0.00,,,,,,,
838,THE PARK SAWANGAN,1,1-ICT02,4.65,N,,0.00,0.00,,,,,,,
839,THE PARK SAWANGAN,1,1-MEP01,0.00,N,,0.00,0.00,,,,,,,
840,THE PARK SAWANGAN,1,1-MEP02,21.50,N,,0.00,0.00,,,,,,,
841,THE PARK SAWANGAN,1,1-MEP03,7.34,N,,0.00,0.00,,,,,,,
842,THE PARK SAWANGAN,1,1-MEP04,2.48,N,,0.00,0.00,,,,,,,
843,THE PARK SAWANGAN,1,1-MEP05,21.75,N,,0.00,0.00,,,,,,,
844,THE PARK SAWANGAN,1,1-MEP06,38.00,N,,0.00,0.00,,,,,,,
845,THE PARK SAWANGAN,1,1-MEP07,0.00,N,,0.00,0.00,,,,,,,
846,THE PARK SAWANGAN,1,1-MEP08,85.51,N,,0.00,0.00,,,,,,,
847,THE PARK SAWANGAN,1,1-MEP09,171.91,N,,0.00,0.00,,,,,,,
848,THE PARK SAWANGAN,1,1-MEP10,12.70,N,,0.00,0.00,,,,,,,
849,THE PARK SAWANGAN,1,1-MEP11,40.33,N,,0.00,0.00,,,,,,,
850,THE PARK SAWANGAN,2,2-0010,503.14,Y,Full Rental,"50,000.00","40,000.00",27/Dec/2019,02/Jul/2025,03/Jul/2020,02/Jul/2025,27/Dec/2019,TOYS KINGDOM,TOYS KINGDOM
851,THE PARK SAWANGAN,2,2-0020,"2,268.00",Y,Full Rental,"50,000.00","40,000.00",27/Dec/2019,02/Jul/2025,03/Jul/2020,02/Jul/2025,27/Dec/2019,ACE HARDWARE,ACE HARDWARE
852,THE PARK SAWANGAN,2,2-0030,0.00,Y,,0.00,0.00,,,,,,,
853,THE PARK SAWANGAN,2,2-0040,106.29,Y,Full Rental,"210,000.00","130,000.00",28/Jan/2020,15/Jul/2025,16/Jul/2020,15/Jul/2025,28/Jan/2020,HAMMER & COCONUT ISLAND,HAMMER & COCONUT ISLAND
854,THE PARK SAWANGAN,2,2-0050,100.00,Y,Full Rental,"230,000.00",0.00,06/Jun/2020,05/Jun/2025,06/Jun/2020,05/Jun/2025,06/Jun/2020,ATARU,ATARU
855,THE PARK SAWANGAN,2,2-0060,93.00,Y,,0.00,0.00,,,,,,,
856,THE PARK SAWANGAN,2,2-0070,"1,381.10",Y,Full Rental,"50,000.00","40,000.00",27/Dec/2019,02/Jul/2025,03/Jul/2020,02/Jul/2025,27/Dec/2019,INFORMA,INFORMA
857,THE PARK SAWANGAN,2,2-0090,0.00,Y,,0.00,0.00,,,,,,,
858,THE PARK SAWANGAN,2,2-0095,727.14,Y,Full Rental,"50,000.00","75,000.00",30/Dec/2019,15/Jul/2025,16/Jul/2020,15/Jul/2025,30/Dec/2019,JYSK,JYSK
859,THE PARK SAWANGAN,2,2-0110,142.00,Y,Full Rental,"200,000.00","130,000.00",27/Feb/2020,02/Jul/2025,03/Jul/2020,02/Jul/2025,27/Feb/2020,FISIK SPORT,FISIK
860,THE PARK SAWANGAN,2,2-0120,137.08,Y,Full Rental,"120,000.00","130,000.00",17/Feb/2020,14/Aug/2025,15/Aug/2020,14/Aug/2025,17/Feb/2020,ROYAL SPORTING HOUSE,ROYAL SPORTING HOUSE
861,THE PARK SAWANGAN,2,2-0130,122.19,Y,Full Rental,"170,000.00","130,000.00",15/Jan/2020,15/Jul/2023,16/Jul/2020,15/Jul/2023,15/Jan/2020,KID & BABY GALLERY,KID & BABY GALLERY
862,THE PARK SAWANGAN,2,2-0140,122.00,Y,,0.00,0.00,,,,,,,
863,THE PARK SAWANGAN,2,2-0145,49.00,Y,,0.00,0.00,,,,,,,
864,THE PARK SAWANGAN,2,2-0150,61.96,Y,,0.00,0.00,,,,,,,
865,THE PARK SAWANGAN,2,2-0170,70.00,Y,Full Rental,"240,000.00","130,000.00",27/Feb/2020,15/Jul/2023,16/Jul/2020,15/Jul/2023,27/Feb/2020,NOBBY,NOBBY
866,THE PARK SAWANGAN,2,2-0175,41.68,Y,Full Rental,"275,000.00","130,000.00",14/Feb/2020,15/Jul/2025,16/Jul/2020,15/Jul/2025,14/Feb/2020,WARDAH COSMETICS,WARDAH COSMETICS
867,THE PARK SAWANGAN,2,2-0180,42.00,Y,Full Rental,"250,000.00","130,000.00",27/Feb/2020,13/Jul/2025,14/Jul/2020,13/Jul/2025,27/Feb/2020,WACOAL,WACOAL
868,THE PARK SAWANGAN,2,2-0190,168.65,Y,Full Rental,"120,000.00","130,000.00",17/Feb/2020,14/Aug/2025,15/Aug/2020,14/Aug/2025,17/Feb/2020,KIDZ STATION,KIDZ STATION
869,THE PARK SAWANGAN,2,2-0210,84.07,Y,Full Rental,"230,000.00","130,000.00",12/Feb/2020,09/Jul/2023,10/Jul/2020,09/Jul/2023,12/Feb/2020,CINDY & YAYANG,CINDY & YAYANG
870,THE PARK SAWANGAN,2,2-0220,84.07,Y,Full Rental,"235,000.00","130,000.00",10/Feb/2020,15/Jul/2025,16/Jul/2020,15/Jul/2025,10/Feb/2020,HOUSE OF ZAKKA,HOUSE OF ZAKA
871,THE PARK SAWANGAN,2,2-0230,84.00,Y,Full Rental,"250,000.00","130,000.00",03/Mar/2020,02/Jul/2025,03/Jul/2020,02/Jul/2025,03/Mar/2020,ERAFONE,ERAFONE
872,THE PARK SAWANGAN,2,2-0240,202.51,Y,Full Rental,"200,000.00","130,000.00",29/Jan/2020,15/Jul/2025,16/Jul/2020,15/Jul/2025,29/Jan/2020,IMPERIAL KITCHEN & DIMSUM,IMPERIAL KITCHEN & DIMSUM
873,THE PARK SAWANGAN,2,2-0250,169.00,Y,Full Rental,"185,000.00",0.00,02/Mar/2020,15/Jul/2025,16/Jul/2020,15/Jul/2025,02/Mar/2020,TEKKO,TEKKO
874,THE PARK SAWANGAN,2,2-0260,180.46,Y,Full Rental,"97,272.00","130,000.00",11/Feb/2020,15/Jul/2025,16/Jul/2020,15/Jul/2025,11/Feb/2020,YOSHINOYA,YOSHINOYA
875,THE PARK SAWANGAN,2,2-0270,96.33,Y,Full Rental,"200,000.00",0.00,03/Mar/2020,15/Jul/2025,16/Jul/2020,15/Jul/2025,03/Mar/2020,CFC,CFC
876,THE PARK SAWANGAN,2,2-0275,97.49,Y,,0.00,0.00,,,,,,,
877,THE PARK SAWANGAN,2,2-0280,172.00,Y,,0.00,0.00,,,,,,,
878,THE PARK SAWANGAN,2,2-0285,12.66,Y,Full Rental,"650,000.00","130,000.00",06/Feb/2020,15/Jul/2023,16/Jul/2020,15/Jul/2023,06/Feb/2020,HOP HOP,HOP HOP
879,THE PARK SAWANGAN,2,2-0290,28.00,Y,Full Rental,"300,000.00","130,000.00",25/Feb/2020,15/Jul/2025,16/Jul/2020,15/Jul/2025,25/Feb/2020,KIDDY CUTS,KIDDY CUTS
880,THE PARK SAWANGAN,2,2-0295,205.87,Y,Combine,"130,000.00",0.00,14/Feb/2020,15/Jul/2022,16/Jul/2020,15/Jul/2022,14/Feb/2020,GUNUNG AGUNG,GUNUNG AGUNG
881,THE PARK SAWANGAN,2,2-BAM01,23.48,N,,0.00,0.00,,,,,,,
882,THE PARK SAWANGAN,2,2-BAM02,21.73,N,,0.00,0.00,,,,,,,
883,THE PARK SAWANGAN,2,2-BAM03,45.88,N,,0.00,0.00,,,,,,,
884,THE PARK SAWANGAN,2,2-BAM04,6.32,N,,0.00,0.00,,,,,,,
885,THE PARK SAWANGAN,2,2-BAM05,5.34,N,,0.00,0.00,,,,,,,
886,THE PARK SAWANGAN,2,2-BAM06,59.96,N,,0.00,0.00,,,,,,,
887,THE PARK SAWANGAN,2,2-BAM07,15.16,N,,0.00,0.00,,,,,,,
888,THE PARK SAWANGAN,2,2-BAM08,66.45,N,,0.00,0.00,,,,,,,
889,THE PARK SAWANGAN,2,2-BAM09,16.29,N,,0.00,0.00,,,,,,,
890,THE PARK SAWANGAN,2,2-BAM10,57.77,N,,0.00,0.00,,,,,,,
891,THE PARK SAWANGAN,2,2-BAM11,8.33,N,,0.00,0.00,,,,,,,
892,THE PARK SAWANGAN,2,2-BAM12,8.87,N,,0.00,0.00,,,,,,,
893,THE PARK SAWANGAN,2,2-BOH01,2.25,N,,0.00,0.00,,,,,,,
894,THE PARK SAWANGAN,2,2-BOH02,20.89,N,,0.00,0.00,,,,,,,
895,THE PARK SAWANGAN,2,2-BOH03,21.86,N,,0.00,0.00,,,,,,,
896,THE PARK SAWANGAN,2,2-BOH04,49.05,N,,0.00,0.00,,,,,,,
897,THE PARK SAWANGAN,2,2-BOH05,3.93,N,,0.00,0.00,,,,,,,
898,THE PARK SAWANGAN,2,2-BOH06,105.03,N,,0.00,0.00,,,,,,,
899,THE PARK SAWANGAN,2,2-BOH07,42.07,N,,0.00,0.00,,,,,,,
900,THE PARK SAWANGAN,2,2-BOH08,52.34,N,,0.00,0.00,,,,,,,
901,THE PARK SAWANGAN,2,2-BOH09,34.09,N,,0.00,0.00,,,,,,,
902,THE PARK SAWANGAN,2,2-BOH10,0.88,N,,0.00,0.00,,,,,,,
903,THE PARK SAWANGAN,2,2-BOH11,148.42,N,,0.00,0.00,,,,,,,
904,THE PARK SAWANGAN,2,2-COM01,"1,507.64",N,,0.00,0.00,,,,,,,
905,THE PARK SAWANGAN,2,2-CVT01,47.68,N,,0.00,0.00,,,,,,,
906,THE PARK SAWANGAN,2,2-CVT02,58.89,N,,0.00,0.00,,,,,,,
907,THE PARK SAWANGAN,2,2-CVT03,7.70,N,,0.00,0.00,,,,,,,
908,THE PARK SAWANGAN,2,2-CVT04,47.53,N,,0.00,0.00,,,,,,,
909,THE PARK SAWANGAN,2,2-CVT05,8.01,N,,0.00,0.00,,,,,,,
910,THE PARK SAWANGAN,2,2-CVT06,47.68,N,,0.00,0.00,,,,,,,
911,THE PARK SAWANGAN,2,2-CVT07,9.42,N,,0.00,0.00,,,,,,,
912,THE PARK SAWANGAN,2,2-CVT08,9.55,N,,0.00,0.00,,,,,,,
913,THE PARK SAWANGAN,2,2-CVT09,9.02,N,,0.00,0.00,,,,,,,
914,THE PARK SAWANGAN,2,2-ICT01,5.23,N,,0.00,0.00,,,,,,,
915,THE PARK SAWANGAN,2,2-ICT02,4.65,N,,0.00,0.00,,,,,,,
916,THE PARK SAWANGAN,2,2-MEP01,0.00,N,,0.00,0.00,,,,,,,
917,THE PARK SAWANGAN,2,2-MEP02,21.50,N,,0.00,0.00,,,,,,,
918,THE PARK SAWANGAN,2,2-MEP03,7.34,N,,0.00,0.00,,,,,,,
919,THE PARK SAWANGAN,2,2-MEP04,2.48,N,,0.00,0.00,,,,,,,
920,THE PARK SAWANGAN,2,2-MEP05,21.75,N,,0.00,0.00,,,,,,,
921,THE PARK SAWANGAN,2,2-MEP06,0.00,N,,0.00,0.00,,,,,,,
922,THE PARK SAWANGAN,2,2-MEP07,39.05,N,,0.00,0.00,,,,,,,
923,THE PARK SAWANGAN,2,2-MEP08,40.33,N,,0.00,0.00,,,,,,,
924,THE PARK SAWANGAN,2,2-MEP09,12.57,N,,0.00,0.00,,,,,,,
925,THE PARK SAWANGAN,2,2-MEP10,45.90,N,,0.00,0.00,,,,,,,
926,THE PARK SAWANGAN,3,3-0010,"2,437.81",Y,Full Rental,"37,000.00",0.00,27/Sep/2019,15/Jul/2040,16/Jul/2020,15/Jul/2040,27/Sep/2019,CINEMA XXI,CINEMA XXI
927,THE PARK SAWANGAN,3,3-0020,641.81,Y,Full Rental,"80,000.00",0.00,13/Jan/2020,15/Jul/2025,16/Jul/2020,15/Jul/2025,13/Jan/2020,FUNWORLD,FUNWORLD & KIDZILLA
928,THE PARK SAWANGAN,3,3-0030,"2,315.52",Y,Full Rental,"50,000.00","40,000.00",27/Dec/2019,02/Jul/2025,03/Jul/2020,02/Jul/2025,27/Dec/2019,INFORMA,INFORMA
929,THE PARK SAWANGAN,3,3-0040,425.00,Y,Full Rental,"50,000.00",0.00,22/May/2020,21/May/2025,22/May/2020,21/May/2025,22/May/2020,INFORMA ELECTRONICS,INFORMA ELECTRONICS
930,THE PARK SAWANGAN,3,3-0070,13.00,Y,Full Rental,"650,000.00","130,000.00",19/Feb/2020,15/Jul/2021,16/Jul/2020,15/Jul/2021,19/Feb/2020,JOLLY TIME,JOLLY TIME
931,THE PARK SAWANGAN,3,3-0110,516.11,Y,Full Rental,"80,000.00",0.00,13/Jan/2020,15/Jul/2025,16/Jul/2020,15/Jul/2025,13/Jan/2020,FUNWORLD,FUNWORLD & KIDZILLA
932,THE PARK SAWANGAN,3,3-0120,18.00,Y,Full Rental,"600,000.00","130,000.00",28/Feb/2020,15/Jul/2025,16/Jul/2020,15/Jul/2025,28/Feb/2020,TONG TJI,TONG TJI
933,THE PARK SAWANGAN,3,3-0130,36.83,Y,Full Rental,"500,000.00",0.00,14/Feb/2020,15/Jul/2025,16/Jul/2020,15/Jul/2025,14/Feb/2020,BAKMI GM,BAKMI GM
934,THE PARK SAWANGAN,3,3-0150,19.00,Y,Full Rental,"650,000.00","130,000.00",27/Feb/2020,15/Jul/2025,16/Jul/2020,15/Jul/2025,27/Feb/2020,BAKSO CELUP SINGAPORE,BAKSO CELUP SINGAPORE
935,THE PARK SAWANGAN,3,3-0160,17.00,Y,Full Rental,"400,000.00","130,000.00",09/Mar/2020,15/Jul/2025,16/Jul/2020,15/Jul/2025,09/Mar/2020,D'CREPES,D'CREPES
936,THE PARK SAWANGAN,3,3-0170,17.00,Y,,0.00,0.00,,,,,,,
937,THE PARK SAWANGAN,3,3-0180,23.00,Y,,0.00,0.00,,,,,,,
938,THE PARK SAWANGAN,3,3-0190,26.00,Y,Full Rental,"550,000.00","130,000.00",29/Feb/2020,15/Jul/2022,16/Jul/2020,15/Jul/2022,29/Feb/2020,AYAM GORENG FATMAWATI,AYAM GORENG FATMAWATI
939,THE PARK SAWANGAN,3,3-0200,36.00,Y,Full Rental,"500,000.00","130,000.00",28/Feb/2020,13/Aug/2025,14/Aug/2020,13/Aug/2025,28/Feb/2020,PEPPER LUNCH,PEPPER LUNCH
940,THE PARK SAWANGAN,3,3-0210,0.00,Y,,0.00,0.00,,,,,,,
941,THE PARK SAWANGAN,3,3-0220,18.00,Y,Full Rental,"500,000.00","130,000.00",29/Feb/2020,15/Jul/2023,16/Jul/2020,15/Jul/2023,29/Feb/2020,KWETIAU 28 AHO,KWETIAU 28 AHO
942,THE PARK SAWANGAN,3,3-0230,36.00,Y,,0.00,0.00,,,,,,,
943,THE PARK SAWANGAN,3,3-0250,33.00,Y,Full Rental,"525,000.00",0.00,21/Feb/2020,15/Jul/2025,16/Jul/2020,15/Jul/2025,21/Feb/2020,GOLDEN LAMIAN,GOLDEN LAMIAN
944,THE PARK SAWANGAN,3,3-0270,33.00,Y,Full Rental,"350,000.00","130,000.00",25/Feb/2020,02/Jul/2023,03/Jul/2020,02/Jul/2023,25/Feb/2020,KOKUMI,KOKUMI
945,THE PARK SAWANGAN,3,3-0280,33.00,Y,,0.00,0.00,,,,,,,
946,THE PARK SAWANGAN,3,3-0310,33.13,Y,Full Rental,"350,000.00","130,000.00",10/Feb/2020,08/Jul/2023,09/Jul/2020,08/Jul/2023,10/Feb/2020,O'CREPES COFFEE & SNACK,O'CREPES COFFEE & SNACK
947,THE PARK SAWANGAN,3,3-0320,33.11,Y,Full Rental,"350,000.00",0.00,29/Jan/2020,15/Jul/2023,16/Jul/2020,15/Jul/2023,29/Jan/2020,LOLY POLY,LOLY POLY
948,THE PARK SAWANGAN,3,3-BAM01,21.73,N,,0.00,0.00,,,,,,,
949,THE PARK SAWANGAN,3,3-BAM02,23.48,N,,0.00,0.00,,,,,,,
950,THE PARK SAWANGAN,3,3-BAM03,16.96,N,,0.00,0.00,,,,,,,
951,THE PARK SAWANGAN,3,3-BAM04,45.88,N,,0.00,0.00,,,,,,,
952,THE PARK SAWANGAN,3,3-BAM05,6.32,N,,0.00,0.00,,,,,,,
953,THE PARK SAWANGAN,3,3-BAM06,59.96,N,,0.00,0.00,,,,,,,
954,THE PARK SAWANGAN,3,3-BAM07,5.34,N,,0.00,0.00,,,,,,,
955,THE PARK SAWANGAN,3,3-BAM08,8.33,N,,0.00,0.00,,,,,,,
956,THE PARK SAWANGAN,3,3-BAM09,8.87,N,,0.00,0.00,,,,,,,
957,THE PARK SAWANGAN,3,3-BOH01,70.95,N,,0.00,0.00,,,,,,,
958,THE PARK SAWANGAN,3,3-BOH02,2.25,N,,0.00,0.00,,,,,,,
959,THE PARK SAWANGAN,3,3-BOH03,20.89,N,,0.00,0.00,,,,,,,
960,THE PARK SAWANGAN,3,3-BOH04,21.86,N,,0.00,0.00,,,,,,,
961,THE PARK SAWANGAN,3,3-BOH05,42.81,N,,0.00,0.00,,,,,,,
962,THE PARK SAWANGAN,3,3-BOH06,3.93,N,,0.00,0.00,,,,,,,
963,THE PARK SAWANGAN,3,3-BOH07,49.05,N,,0.00,0.00,,,,,,,
964,THE PARK SAWANGAN,3,3-BOH08,51.02,N,,0.00,0.00,,,,,,,
965,THE PARK SAWANGAN,3,3-BOH09,148.42,N,,0.00,0.00,,,,,,,
966,THE PARK SAWANGAN,3,3-BOH10,0.88,N,,0.00,0.00,,,,,,,
967,THE PARK SAWANGAN,3,3-BOH11,40.74,N,,0.00,0.00,,,,,,,
968,THE PARK SAWANGAN,3,3-BOH12,52.34,N,,0.00,0.00,,,,,,,
969,THE PARK SAWANGAN,3,3-BOH13,34.09,N,,0.00,0.00,,,,,,,
970,THE PARK SAWANGAN,3,3-COM01,"2,146.43",N,,0.00,0.00,,,,,,,
971,THE PARK SAWANGAN,3,3-CVT01,7.70,N,,0.00,0.00,,,,,,,
972,THE PARK SAWANGAN,3,3-CVT02,8.01,N,,0.00,0.00,,,,,,,
973,THE PARK SAWANGAN,3,3-CVT03,9.42,N,,0.00,0.00,,,,,,,
974,THE PARK SAWANGAN,3,3-CVT04,9.55,N,,0.00,0.00,,,,,,,
975,THE PARK SAWANGAN,3,3-CVT05,9.02,N,,0.00,0.00,,,,,,,
976,THE PARK SAWANGAN,3,3-CVT06,10.94,N,,0.00,0.00,,,,,,,
977,THE PARK SAWANGAN,3,3-ICT01,5.23,N,,0.00,0.00,,,,,,,
978,THE PARK SAWANGAN,3,3-ICT02,4.65,N,,0.00,0.00,,,,,,,
979,THE PARK SAWANGAN,3,3-MEP01,0.00,N,,0.00,0.00,,,,,,,
980,THE PARK SAWANGAN,3,3-MEP02,21.50,N,,0.00,0.00,,,,,,,
981,THE PARK SAWANGAN,3,3-MEP03,7.34,N,,0.00,0.00,,,,,,,
982,THE PARK SAWANGAN,3,3-MEP04,2.48,N,,0.00,0.00,,,,,,,
983,THE PARK SAWANGAN,3,3-MEP05,21.75,N,,0.00,0.00,,,,,,,
984,THE PARK SAWANGAN,3,3-MEP06,0.00,N,,0.00,0.00,,,,,,,
985,THE PARK SAWANGAN,3,3-MEP07,29.78,N,,0.00,0.00,,,,,,,
986,THE PARK SAWANGAN,3,3-MEP08,325.51,N,,0.00,0.00,,,,,,,
987,THE PARK SAWANGAN,3,3-MEP09,41.53,N,,0.00,0.00,,,,,,,
988,THE PARK SAWANGAN,3,3-MEP10,12.57,N,,0.00,0.00,,,,,,,
989,THE PARK SAWANGAN,3,3-MEP11,58.17,N,,0.00,0.00,,,,,,,
