No,Sub Portfolio Name,Floor Cd,Floor Name,Lot No,Net Area (Lot Master),GFA,NLA,Contract Amt,Rental Base,Base Rental Rate,Rental Rate,Service Charge Rate
111,CITIMALL CIANJUR,-10,LG,LG-0010,390,Y,Y,"10,942,027,200.00",Full Rental,"36,019.20",36000,"22,252.94"
111,CITIMALL CIANJUR,-10,LG,LG-0020,99,Y,Y,"130,336,800.00",Full Rental,"22,000.00",22000,0.00
111,CITIMALL CIANJUR,0,G,G-0010,0,Y,Y,,,,0,0.00
111,CITIMALL CIANJUR,0,G,G-0011,4653,Y,Y,"10,942,027,200.00",Full Rental,"36,019.20",36000,"22,252.94"
111,CITIMALL CIANJUR,0,G,G-0015,0,Y,Y,,,,0,0.00
111,CITIMALL CIANJUR,0,G,G-0020,643,Y,Y,"1,798,834,560.00",Full Rental,"46,600.00",48500,"27,500.00"
111,CITIMALL CIANJUR,0,G,G-0030,356,Y,Y,"2,136,000,000.00",Full Rental,"100,000.00",100000,"110,000.00"
111,CITIMALL CIANJUR,0,G,G-0034,10,Y,Y,"37,800,000.00",Full Rental,"63,000.00",60000,"55,000.00"
111,CITIMALL CIANJUR,0,G,G-0035,0,Y,Y,,,,0,0.00
111,CITIMALL CIANJUR,0,G,G-0035A,0,Y,Y,,,,0,0.00
111,CITIMALL CIANJUR,0,G,G-0036,128,Y,Y,"969,267,600.00",Full Rental,"126,000.00",120000,"110,000.00"
111,CITIMALL CIANJUR,0,G,G-0037,213,Y,Y,"1,540,009,163.10",Full Rental,"103,629.03",105000,"110,000.00"
111,CITIMALL CIANJUR,0,G,G-0038,9,Y,Y,"28,813,266.79",Full Rental,"49,193.55",50000,"55,000.00"
111,CITIMALL CIANJUR,0,G,G-0040,0,Y,Y,,,,0,0.00
111,CITIMALL CIANJUR,0,G,G-0040A,11,Y,Y,,,,0,0.00
111,CITIMALL CIANJUR,0,G,G-0040B,6,Y,Y,"53,549,999.66",Full Rental,"719,758.06",719758,0.00
111,CITIMALL CIANJUR,0,G,G-0040C,6,Y,Y,"53,549,999.66",Full Rental,"719,758.06",719758,0.00
111,CITIMALL CIANJUR,0,G,G-0040D,6,Y,Y,"53,549,999.66",Full Rental,"719,758.06",719758,0.00
111,CITIMALL CIANJUR,0,G,G-0040E,6,Y,Y,"53,549,999.66",Full Rental,"719,758.06",719758,0.00
111,CITIMALL CIANJUR,0,G,G-0040F,6,Y,Y,"53,549,999.66",Full Rental,"719,758.06",719758,0.00
111,CITIMALL CIANJUR,0,G,G-0040G,6,Y,Y,"53,549,999.66",Full Rental,"719,758.06",719758,0.00
111,CITIMALL CIANJUR,0,G,G-0040H,6,Y,Y,"53,549,999.66",Full Rental,"719,758.06",719758,0.00
111,CITIMALL CIANJUR,0,G,G-0040I,6,Y,Y,,,,0,0.00
111,CITIMALL CIANJUR,0,G,G-0040J,6,Y,Y,"53,549,999.66",Full Rental,"719,758.06",719758,0.00
111,CITIMALL CIANJUR,0,G,G-0040K,6,Y,Y,"51,678,628.49",Full Rental,"719,758.06",719758,0.00
111,CITIMALL CIANJUR,0,G,G-0040L,6,Y,Y,"51,102,822.09",Full Rental,"719,758.06",719758,0.00
111,CITIMALL CIANJUR,0,G,G-0040M,8,Y,Y,"53,550,000.00",Full Rental,"595,000.00",595000,0.00
111,CITIMALL CIANJUR,0,G,G-0040N,6,Y,Y,"53,549,999.66",Full Rental,"719,758.06",719758,0.00
111,CITIMALL CIANJUR,0,G,G-0040P,5,Y,Y,"171,725,805.11",Full Rental,"323,275.86",323276,0.00
111,CITIMALL CIANJUR,0,G,G-0041,0,Y,Y,,,,0,0.00
111,CITIMALL CIANJUR,0,G,G-0042,0,Y,Y,,,,0,0.00
111,CITIMALL CIANJUR,0,G,G-0043,0,Y,Y,,,,0,0.00
111,CITIMALL CIANJUR,0,G,G-0044,0,Y,Y,,,,0,0.00
111,CITIMALL CIANJUR,0,G,G-0045,0,Y,Y,,,,0,0.00
111,CITIMALL CIANJUR,0,G,G-0046,0,Y,Y,,,,0,0.00
111,CITIMALL CIANJUR,0,G,G-0047,0,Y,Y,,,,0,0.00
111,CITIMALL CIANJUR,0,G,G-0048,0,Y,Y,,,,0,"1,320,000.00"
111,CITIMALL CIANJUR,0,G,G-0049,0,Y,Y,,,,0,0.00
111,CITIMALL CIANJUR,0,G,G-0050,0,Y,Y,,,,0,0.00
111,CITIMALL CIANJUR,0,G,G-0051,0,Y,Y,,,,0,0.00
111,CITIMALL CIANJUR,0,G,G-0052,0,Y,Y,,,,0,0.00
111,CITIMALL CIANJUR,0,G,G-0053,0,Y,Y,,,,0,0.00
111,CITIMALL CIANJUR,0,G,G-0054,0,Y,Y,,,,0,0.00
111,CITIMALL CIANJUR,0,G,G-0055,0,Y,Y,,,,0,0.00
111,CITIMALL CIANJUR,0,G,G-0056,0,Y,Y,,,,0,0.00
111,CITIMALL CIANJUR,0,G,G-0057,0,Y,Y,,,,0,0.00
111,CITIMALL CIANJUR,0,G,G-0060,0,Y,Y,,,,0,0.00
111,CITIMALL CIANJUR,0,G,G-0060A,0,Y,Y,,,,0,0.00
111,CITIMALL CIANJUR,0,G,G-0060B,0,Y,Y,,,,0,0.00
111,CITIMALL CIANJUR,0,G,G-0060C,0,Y,Y,,,,0,0.00
111,CITIMALL CIANJUR,0,G,G-0060D,0,Y,Y,,,,0,0.00
111,CITIMALL CIANJUR,0,G,G-0060E,0,Y,Y,,,,0,0.00
111,CITIMALL CIANJUR,0,G,G-0060F,0,Y,Y,,,,0,0.00
111,CITIMALL CIANJUR,0,G,G-0060G,0,Y,Y,,,,0,0.00
111,CITIMALL CIANJUR,0,G,G-0060H,0,Y,Y,,,,0,0.00
111,CITIMALL CIANJUR,0,G,G-0060I,0,Y,Y,,,,0,0.00
111,CITIMALL CIANJUR,0,G,G-0060J,0,Y,Y,,,,0,0.00
111,CITIMALL CIANJUR,0,G,G-0060K,0,Y,Y,,,,0,0.00
111,CITIMALL CIANJUR,0,G,G-0060L,0,Y,Y,,,,0,0.00
111,CITIMALL CIANJUR,0,G,G-0060Z,0,Y,Y,,,,0,0.00
111,CITIMALL CIANJUR,0,G,G-0061,158,Y,Y,0.00,Revenue Share,0.00,0,0.00
111,CITIMALL CIANJUR,0,G,G-0065,31,Y,Y,0.00,Revenue Share,,0,0.00
111,CITIMALL CIANJUR,0,G,G-0070,82,Y,Y,"398,520,000.00",Full Rental,"135,000.00",135000,"114,240.00"
111,CITIMALL CIANJUR,0,G,G-0080,78,Y,Y,"126,781,200.00",Full Rental,"135,000.00",135000,"100,000.00"
111,CITIMALL CIANJUR,0,G,G-0090,160,Y,Y,"892,800,000.00",Full Rental,"155,000.00",145000,"100,000.00"
111,CITIMALL CIANJUR,0,G,G-0100,81,Y,Y,"748,440,000.00",Full Rental,"153,846.15",160000,"110,000.00"
111,CITIMALL CIANJUR,0,G,G-0105,0,Y,Y,,,,0,0.00
111,CITIMALL CIANJUR,0,G,G-0110,0,Y,Y,,,,0,0.00
111,CITIMALL CIANJUR,0,G,G-0115,0,Y,Y,,,,0,0.00
111,CITIMALL CIANJUR,0,G,G-0120,0,Y,Y,,,,0,0.00
111,CITIMALL CIANJUR,0,G,G-0130,329,Y,Y,"1,578,240,000.00",Full Rental,"80,000.00",90000,"110,000.00"
111,CITIMALL CIANJUR,0,G,G-0135,0,Y,Y,,,,0,0.00
111,CITIMALL CIANJUR,0,G,G-0140,0,Y,Y,,,,0,0.00
111,CITIMALL CIANJUR,0,G,G-0140A,7,Y,Y,"3,654,999.99",Full Rental,"541,481.48",541481,0.00
111,CITIMALL CIANJUR,0,G,G-0140B,7,Y,Y,"3,059,999.98",Full Rental,"453,333.33",453333,0.00
111,CITIMALL CIANJUR,0,G,G-0140C,7,Y,Y,"2,719,999.98",Full Rental,"402,962.96",402963,0.00
111,CITIMALL CIANJUR,0,G,G-0140D,7,Y,Y,"2,379,999.98",Full Rental,"352,592.59",352593,0.00
111,CITIMALL CIANJUR,0,G,G-0140E,7,Y,Y,"1,545,454.96",Full Rental,"228,956.29",228956,0.00
111,CITIMALL CIANJUR,0,G,G-0140F,7,Y,Y,,,,0,0.00
111,CITIMALL CIANJUR,0,G,G-0140G,7,Y,Y,"3,229,999.94",Full Rental,"478,518.51",478519,0.00
111,CITIMALL CIANJUR,0,G,G-0140H,7,Y,Y,"2,975,000.00",Full Rental,"440,740.74",440741,0.00
111,CITIMALL CIANJUR,0,G,G-0140I,7,Y,Y,"2,719,999.98",Full Rental,"402,962.96",402963,0.00
111,CITIMALL CIANJUR,0,G,G-0140J,7,Y,Y,,,,0,0.00
111,CITIMALL CIANJUR,0,G,G-0140K,7,Y,Y,"1,545,454.96",Full Rental,"228,956.29",228956,0.00
111,CITIMALL CIANJUR,0,G,G-0140L,7,Y,Y,,,,0,0.00
111,CITIMALL CIANJUR,0,G,G-0140Z,81,Y,Y,,,,0,0.00
111,CITIMALL CIANJUR,0,G,G-0150,36,Y,Y,"272,160,000.00",Full Rental,"210,000.00",210000,"110,000.00"
111,CITIMALL CIANJUR,0,G,G-0160,128,Y,Y,"918,000,000.00",Full Rental,"200,000.00",200000,"114,240.00"
111,CITIMALL CIANJUR,0,G,G-0162,12,Y,Y,"42,832,999.80",Full Rental,"100,000.00",100000,"57,120.00"
111,CITIMALL CIANJUR,0,G,G-0165,121,Y,Y,"983,664,000.00",Full Rental,"135,000.00",125000,"110,000.00"
111,CITIMALL CIANJUR,0,G,G-0170,37,Y,Y,"370,557,000.00",Full Rental,"275,000.00",275000,"110,000.00"
111,CITIMALL CIANJUR,0,G,G-0180,685,Y,Y,"3,166,317,000.00",Full Rental,"77,000.00",75000,"50,000.00"
111,CITIMALL CIANJUR,0,G,G-0185,0,Y,Y,,,,0,0.00
111,CITIMALL CIANJUR,0,G,G-0190,1,Y,Y,"110,999,999.81",Full Rental,"2,569,444.44",2569444,0.00
111,CITIMALL CIANJUR,0,G,G-0200,2,Y,Y,"187,500,000.00",Full Rental,"3,125,000.00",3125000,0.00
111,CITIMALL CIANJUR,0,G,G-0210,1,Y,Y,,,,0,0.00
111,CITIMALL CIANJUR,0,G,G-0220,1,Y,Y,"72,999,999.96",Full Rental,"6,083,333.33",6083333,0.00
111,CITIMALL CIANJUR,0,G,G-0230,2,Y,Y,"107,249,999.76",Full Rental,"2,979,166.66",2979167,"99,000.00"
111,CITIMALL CIANJUR,0,G,G-0240,2,Y,Y,,,,0,0.00
111,CITIMALL CIANJUR,0,G,G-0250,2,Y,Y,"219,999,998.16",Full Rental,"4,074,074.04",4074074,0.00
111,CITIMALL CIANJUR,0,G,G-0260,1,Y,Y,"60,499,999.92",Full Rental,"5,041,666.66",5041667,0.00
111,CITIMALL CIANJUR,0,G,G-0270,92,Y,Y,"7,649,999.64",Full Rental,"83,152.17",83152,0.00
222,CITIMALL SUKABUMI,0,G,G-0010,1253,Y,Y,"9,097,578,600.00",Full Rental,"60,500.00",63000,"58,563.81"
222,CITIMALL SUKABUMI,0,G,G-0020,76,Y,Y,"849,387,600.00",Full Rental,"186,000.00",180000,"106,000.00"
222,CITIMALL SUKABUMI,0,G,G-0030,31,Y,Y,"276,210,000.00",Full Rental,"250,000.00",250000,"102,000.00"
222,CITIMALL SUKABUMI,0,G,G-0035,0,Y,Y,,,,0,0.00
222,CITIMALL SUKABUMI,0,G,G-0040,0,Y,Y,,,,0,0.00
222,CITIMALL SUKABUMI,0,G,G-0050,0,Y,Y,,,,0,0.00
222,CITIMALL SUKABUMI,0,G,G-0060,0,Y,Y,,,,0,0.00
222,CITIMALL SUKABUMI,0,G,G-0070,0,Y,Y,,,,0,0.00
222,CITIMALL SUKABUMI,0,G,G-0071,158,Y,Y,"1,967,596,800.00",Full Rental,"208,000.00",200000,"106,000.00"
222,CITIMALL SUKABUMI,0,G,G-0080,0,Y,Y,,,,0,0.00
222,CITIMALL SUKABUMI,0,G,G-0090,131,Y,Y,"2,156,550,000.00",Full Rental,"275,000.00",275000,"102,000.00"
222,CITIMALL SUKABUMI,0,G,G-0100,35,Y,Y,"651,000,000.00",Full Rental,"310,000.00",325000,"102,000.00"
222,CITIMALL SUKABUMI,0,G,G-0110,115,Y,Y,"1,984,605,000.00",Full Rental,"287,000.00",275000,"106,000.00"
222,CITIMALL SUKABUMI,0,G,G-0120,191,Y,Y,"60,817,500.00",Combine,"53,000.00",53000,0.00
222,CITIMALL SUKABUMI,0,G,G-0130,38,Y,Y,"529,238,400.00",Full Rental,"386,428.57",380000,"106,000.00"
222,CITIMALL SUKABUMI,0,G,G-0140,37,Y,Y,"658,501,200.00",Full Rental,"294,000.00",290000,"102,000.00"
222,CITIMALL SUKABUMI,0,G,G-0150,130,Y,Y,"2,262,000,000.00",Full Rental,"290,000.00",285000,"89,100.00"
222,CITIMALL SUKABUMI,0,G,G-0160,48,Y,Y,"675,531,000.00",Full Rental,"235,000.00",250000,"102,000.00"
222,CITIMALL SUKABUMI,0,G,G-0170,0,Y,Y,,,,0,0.00
222,CITIMALL SUKABUMI,0,G,G-0180,0,Y,Y,,,,0,0.00
222,CITIMALL SUKABUMI,0,G,G-0190,0,Y,Y,,,,0,0.00
222,CITIMALL SUKABUMI,0,G,G-0200,0,Y,Y,,,,0,0.00
222,CITIMALL SUKABUMI,0,G,G-0210,0,Y,Y,,,,0,0.00
222,CITIMALL SUKABUMI,0,G,G-0220,0,Y,Y,,,,0,0.00
222,CITIMALL SUKABUMI,0,G,G-0230,8,Y,Y,"451,584,000.00",Full Rental,"1,600,000.00",1600000,0.00
222,CITIMALL SUKABUMI,0,G,G-0240,1,Y,Y,"384,000,000.00",Full Rental,"16,000,000.00",16000000,0.00
222,CITIMALL SUKABUMI,0,G,G-0250,39,Y,Y,"335,577,600.00",Full Rental,"240,000.00",240000,"102,000.00"
222,CITIMALL SUKABUMI,0,G,G-0260,7,Y,Y,"15,163,200.00",Full Rental,"60,000.00",60000,0.00
222,CITIMALL SUKABUMI,0,G,G-0270,16,Y,Y,,,,0,0.00
222,CITIMALL SUKABUMI,0,G,G-0275,15,Y,Y,"57,759,000.00",Full Rental,"325,000.00",325000,"106,000.00"
222,CITIMALL SUKABUMI,0,G,G-0280,35,Y,Y,"19,249,994.75",Full Rental,"214,285.70",121429,0.00
222,CITIMALL SUKABUMI,0,G,G-0290,0,Y,Y,,,,0,0.00
222,CITIMALL SUKABUMI,10,1,1-0010,1590,Y,Y,"26,072,264,400.00",Full Rental,"45,500.00",40000,"20,630.00"
222,CITIMALL SUKABUMI,10,1,1-0011,0,Y,Y,,,,0,0.00
222,CITIMALL SUKABUMI,10,1,1-0012,0,Y,Y,,,,0,0.00
222,CITIMALL SUKABUMI,10,1,1-0130,0,Y,Y,,,,0,0.00
222,CITIMALL SUKABUMI,10,1,1-0140,0,Y,Y,,,,0,0.00
222,CITIMALL SUKABUMI,10,1,1-0150,25,Y,Y,,,,0,0.00
222,CITIMALL SUKABUMI,10,1,1-0170,56,Y,Y,"456,273,000.00",Full Rental,"225,000.00",225000,"102,000.00"
222,CITIMALL SUKABUMI,10,1,1-0180,0,Y,Y,,,,0,0.00
222,CITIMALL SUKABUMI,10,1,1-0190,0,Y,Y,,,,0,0.00
222,CITIMALL SUKABUMI,10,1,1-0200,117,Y,Y,"887,241,600.00",Full Rental,"126,000.00",120000,"102,000.00"
222,CITIMALL SUKABUMI,10,1,1-0210,0,Y,Y,,,,0,0.00
222,CITIMALL SUKABUMI,10,1,1-0220,0,Y,Y,,,,0,0.00
222,CITIMALL SUKABUMI,10,1,1-0230,0,Y,Y,,,,0,0.00
222,CITIMALL SUKABUMI,10,1,1-0231,25,Y,Y,"94,159,800.00",Full Rental,"63,000.00",60000,"50,000.00"
222,CITIMALL SUKABUMI,10,1,1-0233,0,Y,Y,,,,0,0.00
222,CITIMALL SUKABUMI,10,1,1-0236,31,Y,Y,"226,368,000.00",Full Rental,"200,000.00",220000,"102,000.00"
222,CITIMALL SUKABUMI,10,1,1-0240,34,Y,Y,"9,331,087.84",Full Rental,"274,443.76",274444,0.00
222,CITIMALL SUKABUMI,10,1,1-0245,0,Y,Y,,,,0,0.00
222,CITIMALL SUKABUMI,10,1,1-0250,34,Y,Y,"2,333,330.24",Full Rental,"26,737.97",15152,0.00
222,CITIMALL SUKABUMI,10,1,1-0260,0,Y,Y,,,,0,0.00
222,CITIMALL SUKABUMI,10,1,1-0270,0,Y,Y,,,,0,0.00
222,CITIMALL SUKABUMI,10,1,1-0271,259,Y,Y,"1,679,616,000.00",Full Rental,"180,000.00",200000,"102,000.00"
222,CITIMALL SUKABUMI,10,1,1-0280,106,Y,Y,"845,323,500.00",Full Rental,"162,244.90",175000,"102,000.00"
222,CITIMALL SUKABUMI,10,1,1-0290,145,Y,Y,"609,084,000.00",Full Rental,"175,000.00",175000,"102,000.00"
222,CITIMALL SUKABUMI,10,1,1-0300,86,Y,Y,"948,115,200.00",Full Rental,"184,000.00",180000,"102,000.00"
222,CITIMALL SUKABUMI,10,1,1-0310,0,Y,Y,,,,0,0.00
222,CITIMALL SUKABUMI,10,1,1-0320,0,Y,Y,,,,0,0.00
222,CITIMALL SUKABUMI,10,1,1-0330,0,Y,Y,,,,0,0.00
222,CITIMALL SUKABUMI,10,1,1-0340,35,Y,Y,"385,958,400.00",Full Rental,"184,000.00",180000,"102,000.00"
222,CITIMALL SUKABUMI,10,1,1-0350,0,Y,Y,,,,0,0.00
222,CITIMALL SUKABUMI,10,1,1-0360,33,Y,Y,"360,235,200.00",Full Rental,"184,000.00",180000,"102,000.00"
222,CITIMALL SUKABUMI,10,1,1-0365,4,Y,Y,"22,080,000.00",Full Rental,"92,000.00",90000,"51,000.00"
222,CITIMALL SUKABUMI,10,1,1-0370,0,Y,Y,,,,0,0.00
222,CITIMALL SUKABUMI,10,1,1-0372,0,Y,Y,,,,0,0.00
222,CITIMALL SUKABUMI,10,1,1-0373,0,Y,Y,,,,0,0.00
222,CITIMALL SUKABUMI,10,1,1-0380,35,Y,Y,,,,0,0.00
222,CITIMALL SUKABUMI,10,1,1-0381,0,Y,Y,,,,0,0.00
222,CITIMALL SUKABUMI,10,1,1-0382,0,Y,Y,,,,0,0.00
222,CITIMALL SUKABUMI,10,1,1-0383,0,Y,Y,,,,0,0.00
222,CITIMALL SUKABUMI,10,1,1-0390,0,Y,Y,,,,0,0.00
222,CITIMALL SUKABUMI,10,1,1-0400,0,Y,Y,,,,0,0.00
222,CITIMALL SUKABUMI,10,1,1-0410,0,Y,Y,,,,0,0.00
222,CITIMALL SUKABUMI,10,1,1-0420,0,Y,Y,,,,0,0.00
222,CITIMALL SUKABUMI,10,1,1-0450,6,Y,Y,,,,473685,0.00
222,CITIMALL SUKABUMI,20,2,2-0010,3185,Y,Y,"26,072,264,400.00",Full Rental,"45,500.00",40000,"20,630.00"
222,CITIMALL SUKABUMI,20,2,2-0020,285,Y,Y,"2,103,300,000.00",Full Rental,"123,000.00",120000,"49,280.00"
222,CITIMALL SUKABUMI,20,2,2-0030,195,Y,Y,"1,347,915,000.00",Full Rental,"115,000.00",115000,"102,000.00"
222,CITIMALL SUKABUMI,20,2,2-0040,490,Y,Y,"2,646,216,000.00",Full Rental,"90,000.00",90000,"102,000.00"
222,CITIMALL SUKABUMI,20,2,2-0050,0,Y,Y,,,,0,0.00
222,CITIMALL SUKABUMI,20,2,2-0060,0,Y,Y,,,,0,0.00
222,CITIMALL SUKABUMI,20,2,2-0070,0,Y,Y,,,,0,0.00
222,CITIMALL SUKABUMI,20,2,2-0080,0,Y,Y,,,,0,0.00
222,CITIMALL SUKABUMI,20,2,2-0085,140,Y,Y,"899,792,126.20",Full Rental,"123,461.54",120000,"49,280.00"
222,CITIMALL SUKABUMI,20,2,2-0090,0,Y,Y,,,,0,0.00
222,CITIMALL SUKABUMI,20,2,2-0100,0,Y,Y,,,,0,0.00
222,CITIMALL SUKABUMI,20,2,2-0110,0,Y,Y,,,,0,0.00
222,CITIMALL SUKABUMI,20,2,2-0120,27,Y,Y,"165,859,200.00",Full Rental,"104,000.00",100000,"44,000.00"
222,CITIMALL SUKABUMI,20,2,2-0130,0,Y,Y,,,,0,0.00
222,CITIMALL SUKABUMI,20,2,2-0140,0,Y,Y,,,,0,0.00
222,CITIMALL SUKABUMI,20,2,2-0150,0,Y,Y,,,,0,0.00
222,CITIMALL SUKABUMI,20,2,2-0155,0,Y,Y,,,,0,0.00
222,CITIMALL SUKABUMI,20,2,2-0160,0,Y,Y,,,,0,0.00
222,CITIMALL SUKABUMI,20,2,2-0165,0,Y,Y,,,,0,0.00
222,CITIMALL SUKABUMI,20,2,2-0170,0,Y,Y,,,,0,0.00
222,CITIMALL SUKABUMI,20,2,2-0175,0,Y,Y,,,,0,0.00
222,CITIMALL SUKABUMI,20,2,2-0180,0,Y,Y,,,,0,0.00
222,CITIMALL SUKABUMI,20,2,2-0190,11,Y,Y,"5,762,845.99",Full Rental,"523,895.09",523895,0.00
222,CITIMALL SUKABUMI,20,2,2-0200,11,Y,Y,,,,0,0.00
222,CITIMALL SUKABUMI,20,2,2-0210,11,Y,Y,,,,0,0.00
222,CITIMALL SUKABUMI,20,2,2-0220,11,Y,Y,,,,0,0.00
222,CITIMALL SUKABUMI,20,2,2-0230,11,Y,Y,,,,0,0.00
222,CITIMALL SUKABUMI,20,2,2-0240,11,Y,Y,,,,0,0.00
222,CITIMALL SUKABUMI,20,2,2-0250,11,Y,Y,"5,762,845.99",Full Rental,"523,895.09",523895,0.00
222,CITIMALL SUKABUMI,20,2,2-0260,0,Y,Y,,,,0,0.00
222,CITIMALL SUKABUMI,20,2,2-0270,0,Y,Y,,,,0,0.00
222,CITIMALL SUKABUMI,20,2,2-0280,0,Y,Y,,,,0,0.00
222,CITIMALL SUKABUMI,20,2,2-0290,9,Y,Y,"76,363,635.60",Full Rental,"707,070.70",707071,0.00
222,CITIMALL SUKABUMI,20,2,2-TBU01,0,Y,Y,,,,0,0.00
222,CITIMALL SUKABUMI,20,2,2-TBU02,0,Y,Y,,,,0,0.00
222,CITIMALL SUKABUMI,20,2,2-TBU03,0,Y,Y,,,,0,0.00
222,CITIMALL SUKABUMI,20,2,2-TBU04,0,Y,Y,,,,0,0.00
222,CITIMALL SUKABUMI,30,3,3-0010,374,Y,Y,,,,0,0.00
222,CITIMALL SUKABUMI,30,3,3-0015,31,Y,Y,,,,0,0.00
222,CITIMALL SUKABUMI,30,3,3-0020,418,Y,Y,,,,0,"49,681.28"
222,CITIMALL SUKABUMI,30,3,3-0030,0,Y,Y,,,,0,0.00
222,CITIMALL SUKABUMI,30,3,3-0031,2782,Y,Y,"15,191,467,200.00",Full Rental,"45,500.00",40000,"20,630.00"
222,CITIMALL SUKABUMI,30,3,3-0040,0,Y,Y,,,,0,0.00
222,CITIMALL SUKABUMI,30,3,3-0050,0,Y,Y,,,,0,"9,000,000.00"
222,CITIMALL SUKABUMI,30,3,3-0060,0,Y,Y,,,,0,0.00
222,CITIMALL SUKABUMI,30,3,3-0070,0,Y,Y,,,,0,0.00
222,CITIMALL SUKABUMI,30,3,3-0080,0,Y,Y,,,,0,0.00
222,CITIMALL SUKABUMI,30,3,3-0090,0,Y,Y,,,,0,0.00
222,CITIMALL SUKABUMI,30,3,3-0100,0,Y,Y,,,,0,0.00
222,CITIMALL SUKABUMI,30,3,3-0100A,0,Y,Y,,,,0,0.00
222,CITIMALL SUKABUMI,30,3,3-0100B,0,Y,Y,,,,0,0.00
222,CITIMALL SUKABUMI,30,3,3-0100C,0,Y,Y,,,,0,0.00
222,CITIMALL SUKABUMI,30,3,3-0100D,0,Y,Y,,,,0,0.00
222,CITIMALL SUKABUMI,30,3,3-0100E,0,Y,Y,,,,0,0.00
222,CITIMALL SUKABUMI,30,3,3-0100F,0,Y,Y,,,,0,0.00
222,CITIMALL SUKABUMI,30,3,3-0100G,0,Y,Y,,,,0,0.00
222,CITIMALL SUKABUMI,30,3,3-0100H,0,Y,Y,,,,0,0.00
222,CITIMALL SUKABUMI,30,3,3-0100I,0,Y,Y,,,,0,0.00
222,CITIMALL SUKABUMI,30,3,3-0100J,0,Y,Y,,,,0,0.00
222,CITIMALL SUKABUMI,30,3,3-0100K,0,Y,Y,,,,0,0.00
222,CITIMALL SUKABUMI,30,3,3-0100L,0,Y,Y,,,,0,0.00
222,CITIMALL SUKABUMI,30,3,3-0100M,0,Y,Y,,,,0,0.00
222,CITIMALL SUKABUMI,30,3,3-0100N,0,Y,Y,,,,0,0.00
222,CITIMALL SUKABUMI,30,3,3-0100P,0,Y,Y,,,,0,0.00
222,CITIMALL SUKABUMI,30,3,3-0100Z,0,Y,Y,,,,0,0.00
222,CITIMALL SUKABUMI,30,3,3-0101,154,Y,Y,"3,714,979,062.88",Full Rental,"50,000.00",50000,"36,750.00"
222,CITIMALL SUKABUMI,30,3,3-0105,0,Y,Y,,,,0,0.00
222,CITIMALL SUKABUMI,30,3,3-0110,0,Y,Y,,,,0,0.00
222,CITIMALL SUKABUMI,30,3,3-0120,0,Y,Y,,,,0,0.00
222,CITIMALL SUKABUMI,30,3,3-0130,0,Y,Y,,,,0,0.00
222,CITIMALL SUKABUMI,30,3,3-0135,0,Y,Y,,,,0,0.00
222,CITIMALL SUKABUMI,30,3,3-0150,0,Y,Y,,,,0,0.00
222,CITIMALL SUKABUMI,30,3,3-0160,0,Y,Y,,,,0,0.00
222,CITIMALL SUKABUMI,30,3,3-0170,0,Y,Y,,,,0,0.00
222,CITIMALL SUKABUMI,30,3,3-0180,0,Y,Y,,,,0,0.00
222,CITIMALL SUKABUMI,30,3,3-0190,0,Y,Y,,,,0,0.00
222,CITIMALL SUKABUMI,30,3,3-0200,0,Y,Y,,,,0,0.00
222,CITIMALL SUKABUMI,30,3,3-0210,0,Y,Y,,,,0,0.00
222,CITIMALL SUKABUMI,30,3,3-0220,0,Y,Y,,,,0,0.00
222,CITIMALL SUKABUMI,30,3,3-0230,0,Y,Y,,,,0,0.00
222,CITIMALL SUKABUMI,30,3,3-0240,0,Y,Y,,,,0,0.00
222,CITIMALL SUKABUMI,30,3,3-0250,0,Y,Y,,,,0,0.00
222,CITIMALL SUKABUMI,30,3,3-0251,85,Y,Y,"3,714,979,062.88",Full Rental,"50,000.00",50000,"36,750.00"
222,CITIMALL SUKABUMI,30,3,3-0255,88,Y,Y,"100,799,990.81",Combine,"95,912.30",95912,0.00
222,CITIMALL SUKABUMI,30,3,3-0260,0,Y,Y,,,,0,0.00
222,CITIMALL SUKABUMI,30,3,3-0270,0,Y,Y,,,,0,0.00
222,CITIMALL SUKABUMI,30,3,3-0280,0,Y,Y,,,,0,0.00
222,CITIMALL SUKABUMI,30,3,3-0290,0,Y,Y,,,,0,0.00
222,CITIMALL SUKABUMI,30,3,3-0300,0,Y,Y,,,,0,0.00
222,CITIMALL SUKABUMI,30,3,3-0310,0,Y,Y,,,,0,0.00
222,CITIMALL SUKABUMI,30,3,3-0320,0,Y,Y,,,,0,0.00
222,CITIMALL SUKABUMI,30,3,3-0330,0,Y,Y,,,,0,0.00
222,CITIMALL SUKABUMI,30,3,3-0340,0,Y,Y,,,,0,0.00
222,CITIMALL SUKABUMI,30,3,3-0350,0,Y,Y,,,,0,0.00
222,CITIMALL SUKABUMI,30,3,3-0360,0,Y,Y,,,,0,0.00
222,CITIMALL SUKABUMI,30,3,3-0370,0,Y,Y,,,,0,0.00
222,CITIMALL SUKABUMI,30,3,3-0380,6,Y,Y,"32,832,000.00",Full Rental,"480,000.00",480000,"92,500.00"
222,CITIMALL SUKABUMI,30,3,3-0390,6,Y,Y,"3,248,732.98",Full Rental,"580,130.89",580131,0.00
222,CITIMALL SUKABUMI,30,3,3-0400,0,Y,Y,,,,0,0.00
222,CITIMALL SUKABUMI,30,3,3-0420,0,Y,Y,,,,0,0.00
222,CITIMALL SUKABUMI,30,3,3-0460,30,Y,Y,,,,0,0.00
222,CITIMALL SUKABUMI,30,3,3-0470,0,Y,Y,,,,0,0.00
222,CITIMALL SUKABUMI,30,3,3-0480,0,Y,Y,,,,0,0.00
222,CITIMALL SUKABUMI,30,3,3-0481,0,Y,Y,,,,0,0.00
222,CITIMALL SUKABUMI,30,3,3-0482,0,Y,Y,,,,0,0.00
222,CITIMALL SUKABUMI,30,3,3-0483,0,Y,Y,,,,0,0.00
222,CITIMALL SUKABUMI,30,3,3-0484,0,Y,Y,,,,0,0.00
222,CITIMALL SUKABUMI,30,3,3-0485,0,Y,Y,,,,0,0.00
222,CITIMALL SUKABUMI,30,3,3-0490,0,Y,Y,,,,0,0.00
222,CITIMALL SUKABUMI,30,3,3-0491,0,Y,Y,,,,0,0.00
222,CITIMALL SUKABUMI,30,3,3-0500,0,Y,Y,,,,0,0.00
222,CITIMALL SUKABUMI,30,3,3-0510,0,Y,Y,,,,0,0.00
222,CITIMALL SUKABUMI,30,3,3-0520,0,Y,Y,,,,0,0.00
222,CITIMALL SUKABUMI,30,3,3-0530,0,Y,Y,,,,0,0.00
222,CITIMALL SUKABUMI,30,3,3-0540,0,Y,Y,,,,0,0.00
222,CITIMALL SUKABUMI,30,3,3-0550,0,Y,Y,,,,0,0.00
222,CITIMALL SUKABUMI,30,3,3-0560,0,Y,Y,,,,0,0.00
222,CITIMALL SUKABUMI,30,3,3-0570,0,Y,Y,,,,0,0.00
222,CITIMALL SUKABUMI,30,3,3-0580,0,Y,Y,,,,0,0.00
222,CITIMALL SUKABUMI,30,3,3-0590A,4,Y,Y,"1,636,364.00",Full Rental,"409,091.00",409091,0.00
222,CITIMALL SUKABUMI,30,3,3-0590B,4,Y,Y,,,,0,0.00
222,CITIMALL SUKABUMI,30,3,3-0590C,4,Y,Y,"1,636,364.00",Full Rental,"409,091.00",409091,0.00
222,CITIMALL SUKABUMI,30,3,3-0590D,4,Y,Y,"1,636,364.00",Full Rental,"409,091.00",409091,0.00
222,CITIMALL SUKABUMI,30,3,3-0590E,4,Y,Y,"1,636,364.00",Full Rental,"409,091.00",409091,0.00
222,CITIMALL SUKABUMI,30,3,3-0590F,4,Y,Y,"1,636,364.00",Full Rental,"409,091.00",409091,0.00
222,CITIMALL SUKABUMI,30,3,3-0590G,4,Y,Y,"1,636,364.00",Full Rental,"409,091.00",409091,0.00
222,CITIMALL SUKABUMI,30,3,3-0590H,4,Y,Y,,,,0,0.00
222,CITIMALL SUKABUMI,30,3,3-0590I,4,Y,Y,"1,636,364.00",Full Rental,"409,091.00",409091,0.00
222,CITIMALL SUKABUMI,30,3,3-0590J,4,Y,Y,,,,0,0.00
222,CITIMALL SUKABUMI,40,4,4-0010,850,Y,Y,"1,483,636,308.00",Full Rental,"29,090.91",29091,"11,818.18"
222,CITIMALL SUKABUMI,40,4,4-0020,804,Y,Y,"1,157,054,400.00",Full Rental,"40,000.00",40000,"38,500.00"
222,CITIMALL SUKABUMI,40,4,4-0030,1003,Y,Y,"3,714,979,062.88",Full Rental,"50,000.00",50000,"36,750.00"
222,CITIMALL SUKABUMI,40,4,4-0040,27,Y,Y,"146,610,000.00",Full Rental,"150,000.00",150000,"102,000.00"
222,CITIMALL SUKABUMI,40,4,4-0050,0,Y,Y,,,,0,0.00
333,THE PARK SAWANGAN,-10,LG,LG-0010,5716,Y,Y,"42,732,172,800.00",Full Rental,"48,000.00",55000,"37,333.33"
333,THE PARK SAWANGAN,-10,LG,LG-0020,39,Y,Y,"655,200,000.00",Full Rental,"280,000.00",280000,"130,000.00"
333,THE PARK SAWANGAN,-10,LG,LG-0030,15,Y,Y,"216,000,000.00",Full Rental,"400,000.00",400000,"130,000.00"
333,THE PARK SAWANGAN,-10,LG,LG-0080,261,Y,Y,,,,0,0.00
333,THE PARK SAWANGAN,-10,LG,LG-0090,17,Y,Y,,,,0,0.00
333,THE PARK SAWANGAN,-10,LG,LG-0100,18,Y,Y,,,,0,0.00
333,THE PARK SAWANGAN,-10,LG,LG-0105,29,Y,Y,"200,100,000.00",Full Rental,"287,500.00",275000,"39,000.00"
333,THE PARK SAWANGAN,-10,LG,LG-0110,188,Y,Y,"2,252,400,000.00",Full Rental,"200,000.00",200000,"130,000.00"
333,THE PARK SAWANGAN,-10,LG,LG-0130,199,Y,Y,"2,527,464,000.00",Full Rental,"212,000.00",200000,"130,000.00"
333,THE PARK SAWANGAN,-10,LG,LG-0150,100,Y,Y,"931,881,600.00",Full Rental,"260,000.00",260000,"130,000.00"
333,THE PARK SAWANGAN,-10,LG,LG-0160,200,Y,Y,"2,394,480,000.00",Full Rental,"200,000.00",190000,"130,000.00"
333,THE PARK SAWANGAN,-10,LG,LG-0190,50,Y,Y,"507,246,000.00",Full Rental,"170,000.00",170000,"130,000.00"
333,THE PARK SAWANGAN,-10,LG,LG-0210,178,Y,Y,"2,662,500,000.00",Full Rental,"250,000.00",250000,"130,000.00"
333,THE PARK SAWANGAN,-10,LG,LG-0220,35,Y,Y,"525,000,000.00",Full Rental,"250,000.00",250000,"130,000.00"
333,THE PARK SAWANGAN,-10,LG,LG-0230,164,Y,Y,,,,0,0.00
333,THE PARK SAWANGAN,-10,LG,LG-0240,23,Y,Y,,,,0,0.00
333,THE PARK SAWANGAN,-10,LG,LG-0250,156,Y,Y,"2,099,385,000.00",Full Rental,"225,000.00",225000,"130,000.00"
333,THE PARK SAWANGAN,-10,LG,LG-0260,29,Y,Y,"391,500,000.00",Full Rental,"225,000.00",225000,"130,000.00"
333,THE PARK SAWANGAN,-10,LG,LG-0270,98,Y,Y,"1,239,840,000.00",Full Rental,"210,000.00",200000,"130,000.00"
333,THE PARK SAWANGAN,-10,LG,LG-0290,19,Y,Y,"239,526,000.00",Full Rental,"350,000.00",350000,"130,000.00"
333,THE PARK SAWANGAN,-10,LG,LG-0295,22,Y,Y,"330,450,000.00",Full Rental,"250,000.00",250000,"130,000.00"
333,THE PARK SAWANGAN,-10,LG,LG-0300,25,Y,Y,"163,500,000.00",Full Rental,"272,500.00",260000,"21,666.67"
333,THE PARK SAWANGAN,-10,LG,LG-0305,28,Y,Y,"511,200,000.00",Full Rental,"300,000.00",300000,"130,000.00"
333,THE PARK SAWANGAN,-10,LG,LG-0310,29,Y,Y,"285,219,000.00",Full Rental,"275,000.00",275000,0.00
333,THE PARK SAWANGAN,-10,LG,LG-0315,25,Y,Y,"251,064,000.00",Full Rental,"275,000.00",275000,"130,000.00"
333,THE PARK SAWANGAN,-10,LG,LG-0330,32,Y,Y,"96,000,000.00",Full Rental,"50,000.00",50000,0.00
333,THE PARK SAWANGAN,-10,LG,LG-0340,15,Y,Y,"109,090,908.00",Full Rental,"121,212.12",121212,0.00
333,THE PARK SAWANGAN,-10,LG,LG-0350,16,Y,Y,,,,0,0.00
333,THE PARK SAWANGAN,-10,LG,LG-0355,16,Y,Y,,,,0,0.00
333,THE PARK SAWANGAN,-10,LG,LG-0360,68,Y,Y,"571,200,000.00",Full Rental,"350,000.00",350000,"130,000.00"
333,THE PARK SAWANGAN,-10,LG,LG-0430,16,Y,Y,"288,000,000.00",Full Rental,"500,000.00",500000,"130,000.00"
333,THE PARK SAWANGAN,-10,LG,LG-0440,15,Y,Y,"270,000,000.00",Full Rental,"500,000.00",500000,"130,000.00"
333,THE PARK SAWANGAN,-10,LG,LG-0450,15,Y,Y,"48,750,000.00",Full Rental,"650,000.00",650000,"69,333.33"
333,THE PARK SAWANGAN,-10,LG,LG-0460,16,Y,Y,"288,000,000.00",Full Rental,"500,000.00",500000,"130,000.00"
333,THE PARK SAWANGAN,-5,LGM,LGM-0010,365,Y,Y,"42,732,172,800.00",Full Rental,"48,000.00",33000,"22,400.00"
333,THE PARK SAWANGAN,0,G,G-0010,3214,Y,Y,"46,938,635,700.00",Full Rental,"59,772.73",0,"30,000.00"
333,THE PARK SAWANGAN,0,G,G-0020,88,Y,Y,"1,589,400,000.00",Full Rental,"300,000.00",275000,"130,000.00"
333,THE PARK SAWANGAN,0,G,G-0030,81,Y,Y,"1,215,750,000.00",Full Rental,"250,000.00",250000,"130,000.00"
333,THE PARK SAWANGAN,0,G,G-0040,39,Y,Y,"729,540,000.00",Full Rental,"315,000.00",315000,"130,000.00"
333,THE PARK SAWANGAN,0,G,G-0050,1773,Y,Y,0.00,Revenue Share,,0,0.00
333,THE PARK SAWANGAN,0,G,G-0060,128,Y,Y,"3,125,760,000.00",Full Rental,"203,500.00",185000,"130,000.00"
333,THE PARK SAWANGAN,0,G,G-0065,74,Y,Y,0.00,Full Rental,0.00,0,0.00
333,THE PARK SAWANGAN,0,G,G-0070,77,Y,Y,"1,880,340,000.00",Full Rental,"203,500.00",185000,"130,000.00"
333,THE PARK SAWANGAN,0,G,G-0080,134,Y,Y,"1,447,200,000.00",Full Rental,"180,000.00",180000,0.00
333,THE PARK SAWANGAN,0,G,G-0090,42,Y,Y,"226,800,000.00",Full Rental,"90,000.00",90000,0.00
333,THE PARK SAWANGAN,0,G,G-0100,186,Y,Y,"2,011,716,000.00",Full Rental,"180,000.00",180000,"130,000.00"
333,THE PARK SAWANGAN,0,G,G-0120,17,Y,Y,"612,000,000.00",Full Rental,"600,000.00",600000,"130,000.00"
333,THE PARK SAWANGAN,0,G,G-0130,107,Y,Y,"1,926,000,000.00",Full Rental,"300,000.00",300000,"130,000.00"
333,THE PARK SAWANGAN,0,G,G-0150,123,Y,Y,"2,207,880,000.00",Full Rental,"300,000.00",300000,"130,000.00"
333,THE PARK SAWANGAN,0,G,G-0170,252,Y,Y,"3,024,960,000.00",Full Rental,"200,000.00",200000,"130,000.00"
333,THE PARK SAWANGAN,0,G,G-0210,256,Y,Y,"3,073,440,000.00",Full Rental,"200,000.00",200000,"130,000.00"
333,THE PARK SAWANGAN,0,G,G-0250,83,Y,Y,,,,0,0.00
333,THE PARK SAWANGAN,0,G,G-0260,18,Y,Y,,,,0,0.00
333,THE PARK SAWANGAN,0,G,G-0270,19,Y,Y,,,,0,0.00
333,THE PARK SAWANGAN,0,G,G-0280,127,Y,Y,"1,676,400,000.00",Full Rental,"220,000.00",220000,0.00
333,THE PARK SAWANGAN,0,G,G-0290,22,Y,Y,"765,600,000.00",Full Rental,"220,000.00",220000,0.00
333,THE PARK SAWANGAN,0,G,G-0300,46,Y,Y,"303,600,000.00",Full Rental,"110,000.00",110000,0.00
333,THE PARK SAWANGAN,0,G,G-0310,136,Y,Y,"1,696,356,000.00",Full Rental,"180,000.00",180000,"130,000.00"
333,THE PARK SAWANGAN,0,G,G-0320,21,Y,Y,"1,696,356,000.00",Full Rental,"180,000.00",180000,"130,000.00"
333,THE PARK SAWANGAN,0,G,G-0330,49,Y,Y,0.00,Full Rental,,0,"65,000.00"
333,THE PARK SAWANGAN,0,G,G-0340,150,Y,Y,"1,841,832,000.00",Full Rental,"180,000.00",180000,"130,000.00"
333,THE PARK SAWANGAN,0,G,G-0350,21,Y,Y,"1,841,832,000.00",Full Rental,"180,000.00",180000,"130,000.00"
333,THE PARK SAWANGAN,0,G,G-0360,58,Y,Y,0.00,Full Rental,0.00,0,"65,000.00"
333,THE PARK SAWANGAN,0,G,G-0370,148,Y,Y,"1,327,680,000.00",Full Rental,"150,000.00",150000,0.00
333,THE PARK SAWANGAN,0,G,G-0380,30,Y,Y,"270,000,000.00",Full Rental,"150,000.00",150000,0.00
333,THE PARK SAWANGAN,0,G,G-0390,46,Y,Y,"207,675,000.00",Full Rental,"75,000.00",75000,0.00
333,THE PARK SAWANGAN,0,G,G-0400,90,Y,Y,"1,628,820,000.00",Full Rental,"300,000.00",300000,"130,000.00"
333,THE PARK SAWANGAN,0,G,G-0420,93,Y,Y,"1,674,000,000.00",Full Rental,"300,000.00",300000,"130,000.00"
333,THE PARK SAWANGAN,0,G,G-0430,90,Y,Y,"1,620,000,000.00",Full Rental,"300,000.00",300000,"130,000.00"
333,THE PARK SAWANGAN,0,G,G-0440,83,Y,Y,"1,496,520,000.00",Full Rental,"300,000.00",300000,"130,000.00"
333,THE PARK SAWANGAN,0,G,G-0450,1,Y,Y,,,,0,0.00
333,THE PARK SAWANGAN,0,G,G-0460,1,Y,Y,,,,0,0.00
333,THE PARK SAWANGAN,0,G,G-0470,1,Y,Y,,,,0,0.00
333,THE PARK SAWANGAN,0,G,G-0480,1,Y,Y,,,,0,0.00
333,THE PARK SAWANGAN,0,G,G-0490,1,Y,Y,,,,0,0.00
333,THE PARK SAWANGAN,0,G,G-0500,1,Y,Y,,,,0,0.00
333,THE PARK SAWANGAN,0,G,G-0510,1,Y,Y,,,,0,0.00
333,THE PARK SAWANGAN,0,G,G-0520,0,Y,Y,"765,600,000.00",Full Rental,"220,000.00",0,0.00
333,THE PARK SAWANGAN,10,1,1-0010,2735,Y,Y,"46,938,635,700.00",Full Rental,"59,772.73",0,"30,000.00"
333,THE PARK SAWANGAN,10,1,1-0020,56,Y,Y,"957,600,000.00",Full Rental,"285,000.00",275000,"130,000.00"
333,THE PARK SAWANGAN,10,1,1-0040,2360,Y,Y,0.00,Revenue Share,,0,0.00
333,THE PARK SAWANGAN,10,1,1-0050,404,Y,Y,"3,150,888,000.00",Full Rental,"130,000.00",130000,"100,000.00"
333,THE PARK SAWANGAN,10,1,1-0080,123,Y,Y,"2,029,500,000.00",Full Rental,"275,000.00",275000,"130,000.00"
333,THE PARK SAWANGAN,10,1,1-0085,98,Y,Y,"1,062,216,600.00",Full Rental,"181,000.00",175000,"130,000.00"
333,THE PARK SAWANGAN,10,1,1-0090,0,Y,Y,,,,0,0.00
333,THE PARK SAWANGAN,10,1,1-0100,13,Y,Y,,,,0,0.00
333,THE PARK SAWANGAN,10,1,1-0110,71,Y,Y,"639,000,000.00",Full Rental,"250,000.00",250000,"130,000.00"
333,THE PARK SAWANGAN,10,1,1-0120,337,Y,Y,"4,243,680,000.00",Full Rental,"210,000.00",210000,"117,000.00"
333,THE PARK SAWANGAN,10,1,1-0160,168,Y,Y,"1,663,200,000.00",Full Rental,"275,000.00",275000,"130,000.00"
333,THE PARK SAWANGAN,10,1,1-0170,0,Y,Y,,,,0,0.00
333,THE PARK SAWANGAN,10,1,1-0180,167,Y,Y,"2,004,240,000.00",Full Rental,"200,000.00",200000,"130,000.00"
333,THE PARK SAWANGAN,10,1,1-0190,39,Y,Y,"232,260,000.00",Full Rental,"100,000.00",100000,"65,000.00"
333,THE PARK SAWANGAN,10,1,1-0200,127,Y,Y,"1,524,960,000.00",Full Rental,"200,000.00",200000,"130,000.00"
333,THE PARK SAWANGAN,10,1,1-0210,45,Y,Y,"270,000,000.00",Full Rental,"100,000.00",100000,"65,000.00"
333,THE PARK SAWANGAN,10,1,1-0220,133,Y,Y,,,,0,0.00
333,THE PARK SAWANGAN,10,1,1-0230,50,Y,Y,,,,0,0.00
333,THE PARK SAWANGAN,10,1,1-0240,147,Y,Y,"1,681,182,000.00",Full Rental,"191,000.00",185000,"130,000.00"
333,THE PARK SAWANGAN,10,1,1-0250,57,Y,Y,"328,902,000.00",Full Rental,"95,500.00",92500,"65,000.00"
333,THE PARK SAWANGAN,10,1,1-0260,144,Y,Y,"1,655,053,200.00",Full Rental,"191,000.00",185000,"130,000.00"
333,THE PARK SAWANGAN,10,1,1-0270,46,Y,Y,"263,866,500.00",Full Rental,"95,500.00",92500,"65,000.00"
333,THE PARK SAWANGAN,10,1,1-0280,39,Y,Y,"365,040,000.00",Full Rental,"260,000.00",260000,"130,000.00"
333,THE PARK SAWANGAN,10,1,1-0290,67,Y,Y,,,,0,0.00
333,THE PARK SAWANGAN,10,1,1-0300,97,Y,Y,,,,0,0.00
333,THE PARK SAWANGAN,10,1,1-0310,90,Y,Y,"1,447,200,000.00",Full Rental,"268,000.00",260000,"130,000.00"
333,THE PARK SAWANGAN,10,1,1-0320,83,Y,Y,"1,494,000,000.00",Full Rental,"300,000.00",300000,"130,000.00"
333,THE PARK SAWANGAN,20,2,2-0010,503,Y,Y,"1,509,420,000.00",Full Rental,"50,000.00",50000,"40,000.00"
333,THE PARK SAWANGAN,20,2,2-0020,2268,Y,Y,"6,804,000,000.00",Full Rental,"50,000.00",50000,"40,000.00"
333,THE PARK SAWANGAN,20,2,2-0030,0,Y,Y,,,,0,0.00
333,THE PARK SAWANGAN,20,2,2-0040,106,Y,Y,"1,390,273,200.00",Full Rental,"218,000.00",210000,"130,000.00"
333,THE PARK SAWANGAN,20,2,2-0050,100,Y,Y,"1,380,000,000.00",Full Rental,"230,000.00",230000,0.00
333,THE PARK SAWANGAN,20,2,2-0060,93,Y,Y,,,,0,0.00
333,THE PARK SAWANGAN,20,2,2-0070,1381,Y,Y,"11,089,860,000.00",Full Rental,"50,000.00",50000,"40,000.00"
333,THE PARK SAWANGAN,20,2,2-0090,0,Y,Y,,,,0,0.00
333,THE PARK SAWANGAN,20,2,2-0095,727,Y,Y,"2,355,933,600.00",Full Rental,"54,000.00",50000,"75,000.00"
333,THE PARK SAWANGAN,20,2,2-0110,142,Y,Y,"1,772,160,000.00",Full Rental,"208,000.00",200000,"130,000.00"
333,THE PARK SAWANGAN,20,2,2-0120,137,Y,Y,"986,976,000.00",Full Rental,"120,000.00",120000,"130,000.00"
333,THE PARK SAWANGAN,20,2,2-0130,122,Y,Y,"747,802,800.00",Full Rental,"170,000.00",170000,"130,000.00"
333,THE PARK SAWANGAN,20,2,2-0140,122,Y,Y,,,,0,0.00
333,THE PARK SAWANGAN,20,2,2-0145,49,Y,Y,,,,0,0.00
333,THE PARK SAWANGAN,20,2,2-0150,62,Y,Y,,,,0,0.00
333,THE PARK SAWANGAN,20,2,2-0170,70,Y,Y,"604,800,000.00",Full Rental,"240,000.00",240000,"130,000.00"
333,THE PARK SAWANGAN,20,2,2-0175,42,Y,Y,"687,720,000.00",Full Rental,"275,000.00",275000,"130,000.00"
333,THE PARK SAWANGAN,20,2,2-0180,42,Y,Y,"630,000,000.00",Full Rental,"250,000.00",250000,"130,000.00"
333,THE PARK SAWANGAN,20,2,2-0190,169,Y,Y,"1,214,280,000.00",Full Rental,"120,000.00",120000,"130,000.00"
333,THE PARK SAWANGAN,20,2,2-0210,84,Y,Y,"696,099,600.00",Full Rental,"230,000.00",230000,"130,000.00"
333,THE PARK SAWANGAN,20,2,2-0220,84,Y,Y,"1,185,387,000.00",Full Rental,"235,000.00",235000,"130,000.00"
333,THE PARK SAWANGAN,20,2,2-0230,84,Y,Y,"1,260,000,000.00",Full Rental,"250,000.00",250000,"130,000.00"
333,THE PARK SAWANGAN,20,2,2-0240,203,Y,Y,"2,430,120,000.00",Full Rental,"200,000.00",200000,"130,000.00"
333,THE PARK SAWANGAN,20,2,2-0250,169,Y,Y,"2,058,420,000.00",Full Rental,"203,000.00",185000,0.00
333,THE PARK SAWANGAN,20,2,2-0260,180,Y,Y,"1,053,222,307.20",Full Rental,"97,272.00",97272,"130,000.00"
333,THE PARK SAWANGAN,20,2,2-0270,96,Y,Y,"1,155,960,000.00",Full Rental,"200,000.00",200000,0.00
333,THE PARK SAWANGAN,20,2,2-0275,97,Y,Y,,,,0,0.00
333,THE PARK SAWANGAN,20,2,2-0280,172,Y,Y,,,,0,0.00
333,THE PARK SAWANGAN,20,2,2-0285,13,Y,Y,"296,244,000.00",Full Rental,"650,000.00",650000,"130,000.00"
333,THE PARK SAWANGAN,20,2,2-0290,28,Y,Y,"504,000,000.00",Full Rental,"300,000.00",300000,"130,000.00"
333,THE PARK SAWANGAN,20,2,2-0295,206,Y,Y,"642,314,400.00",Combine,"130,000.00",130000,0.00
333,THE PARK SAWANGAN,30,3,3-0010,2438,Y,Y,"28,522,377,000.00",Full Rental,"48,750.00",37000,0.00
333,THE PARK SAWANGAN,30,3,3-0020,642,Y,Y,"5,558,016,000.00",Full Rental,"80,000.00",80000,0.00
333,THE PARK SAWANGAN,30,3,3-0030,2316,Y,Y,"11,089,860,000.00",Full Rental,"50,000.00",50000,"40,000.00"
333,THE PARK SAWANGAN,30,3,3-0040,425,Y,Y,"1,275,000,000.00",Full Rental,"50,000.00",50000,0.00
333,THE PARK SAWANGAN,30,3,3-0070,13,Y,Y,"101,400,000.00",Full Rental,"650,000.00",650000,"130,000.00"
333,THE PARK SAWANGAN,30,3,3-0110,516,Y,Y,"5,558,016,000.00",Full Rental,"80,000.00",80000,0.00
333,THE PARK SAWANGAN,30,3,3-0120,18,Y,Y,"648,000,000.00",Full Rental,"600,000.00",600000,"130,000.00"
333,THE PARK SAWANGAN,30,3,3-0130,37,Y,Y,"1,104,900,000.00",Full Rental,"500,000.00",500000,0.00
333,THE PARK SAWANGAN,30,3,3-0150,19,Y,Y,"741,000,000.00",Full Rental,"650,000.00",650000,"130,000.00"
333,THE PARK SAWANGAN,30,3,3-0160,17,Y,Y,"408,000,000.00",Full Rental,"400,000.00",400000,"130,000.00"
333,THE PARK SAWANGAN,30,3,3-0170,17,Y,Y,,,,0,0.00
333,THE PARK SAWANGAN,30,3,3-0180,23,Y,Y,,,,0,0.00
333,THE PARK SAWANGAN,30,3,3-0190,26,Y,Y,"343,200,000.00",Full Rental,"550,000.00",550000,"130,000.00"
333,THE PARK SAWANGAN,30,3,3-0200,36,Y,Y,"1,080,000,000.00",Full Rental,"500,000.00",500000,"130,000.00"
333,THE PARK SAWANGAN,30,3,3-0210,0,Y,Y,,,,0,0.00
333,THE PARK SAWANGAN,30,3,3-0220,18,Y,Y,"324,000,000.00",Full Rental,"500,000.00",500000,"130,000.00"
333,THE PARK SAWANGAN,30,3,3-0230,36,Y,Y,,,,0,0.00
333,THE PARK SAWANGAN,30,3,3-0250,33,Y,Y,"1,039,500,000.00",Full Rental,"525,000.00",525000,0.00
333,THE PARK SAWANGAN,30,3,3-0270,33,Y,Y,"415,800,000.00",Full Rental,"350,000.00",350000,"130,000.00"
333,THE PARK SAWANGAN,30,3,3-0280,33,Y,Y,,,,0,0.00
333,THE PARK SAWANGAN,30,3,3-0310,33,Y,Y,"417,438,000.00",Full Rental,"350,000.00",350000,"130,000.00"
333,THE PARK SAWANGAN,30,3,3-0320,33,Y,Y,"417,186,000.00",Full Rental,"350,000.00",350000,0.00
